"2026-09-19T20:29:57.955607075Z"," -- -- -- -- -- -- -- --"
"2026-09-19T20:30:56.532652373Z"," -- -- -- -- -- -- -- --"
"2026-09-19T20:33:28.444164438Z"," -- -- -- -- -- -- -- --"
"2026-09-19T20:40:11.636099048Z"," -- -- -- -- -- -- -- --"
"2026-09-23T02:32:42.599569413Z"," -- -- -- -- -- -- -- --"
"2026-09-23T02:44:04.208168188Z"," -- -- -- -- -- -- -- --"
"2026-09-23T03:01:14.629448168Z"," -- -- -- -- -- -- -- --"
"2026-09-23T03:14:11.74281437Z"," -- -- -- -- -- -- -- --"
"2026-09-23T03:24:45.910858624Z"," -- -- -- -- -- -- -- --"
"2026-09-23T15:25:24.283392477Z"," 68 68 68 67 65 66 67 67  81 69 68 67 66 66 67 68  77 69 67 67 67 68 68 67  76 72 69 68 68 68 66 67  76 77 76 74 68 67 66 62  77 79 86 94 70 67 67 60  76 77 78 77 69 66 67 65  72 72 70 69 67 67 65 67"
"2026-09-23T15:25:36.253329155Z"," 68 68 67 66 66 66 67 68  80 68 68 68 65 66 67 67  75 69 68 67 68 67 68 66  75 72 69 68 68 67 67 67  76 76 77 74 68 66 67 61  78 78 84 95 70 67 66 61  75 78 78 77 69 66 67 66  71 72 70 69 68 67 66 66"
"2026-09-23T15:25:44.282704249Z"," 68 68 68 66 66 67 66 68  81 69 68 68 67 67 68 67  77 70 68 68 68 68 68 68  75 74 69 68 68 67 67 67  76 78 76 75 68 67 67 62  77 79 87 95 70 67 66 60  76 77 79 78 70 67 67 65  72 72 71 70 68 67 67 67"
"2026-09-23T15:25:56.212932725Z"," 69 68 68 67 67 67 67 68  80 69 68 68 67 67 67 68  76 71 69 68 68 68 68 67  77 77 74 69 70 68 68 68  76 77 79 76 68 67 67 62  77 80 88 93 70 67 67 60  76 77 77 77 69 67 68 66  71 71 70 68 68 67 66 66"
"2026-09-23T15:26:05.211264914Z"," 69 68 67 66 66 67 68 68  81 69 68 68 67 67 67 68  80 71 68 68 67 67 68 67  78 78 72 69 69 68 67 67  76 78 76 75 69 67 67 63  77 79 87 92 70 68 67 60  77 79 81 82 71 67 68 65  72 72 71 71 68 67 66 67"
"2026-09-23T15:26:14.236391597Z"," 69 68 68 68 68 67 68 69  81 69 68 68 68 68 68 67  80 72 70 68 68 68 68 68  79 77 76 71 70 68 67 68  77 78 75 71 69 68 68 63  77 79 86 90 71 68 67 61  77 79 81 81 69 67 68 66  72 72 72 71 68 68 67 67"
"2026-09-23T15:26:24.240364352Z"," -- -- -- -- -- -- -- --"
"2026-09-23T15:26:35.363279858Z"," 69 69 68 68 68 68 68 68  81 69 69 68 68 67 68 68  81 72 69 68 68 68 68 68  79 78 77 72 69 68 68 68  77 78 77 74 69 69 68 63  78 81 84 91 72 68 67 61  78 80 81 85 72 68 69 66  74 75 73 72 69 68 68 67"
"2026-09-23T15:26:45.4099773Z"," -- -- -- -- -- -- -- --"
"2026-09-23T15:26:56.688713155Z"," 69 69 68 67 68 67 68 68  81 70 68 68 68 67 68 69  81 72 70 68 68 69 68 68  80 78 74 70 70 68 67 68  77 78 78 76 69 68 68 63  77 79 85 91 72 68 67 61  77 78 79 80 70 68 68 66  72 72 72 71 69 68 67 68"
"2026-09-23T15:27:06.681675764Z"," 69 70 68 68 67 68 67 69  81 71 69 68 68 68 68 68  81 73 70 69 68 68 68 68  79 78 77 72 71 68 68 68  76 79 80 76 69 68 68 63  78 80 83 90 72 68 68 61  77 77 79 79 71 68 69 66  72 72 71 71 68 68 68 67"
"2026-09-23T15:27:16.741483773Z"," 69 69 68 68 68 67 68 68  81 70 69 68 68 68 68 68  81 72 70 68 68 68 69 68  79 79 77 73 70 68 68 68  77 78 78 76 70 68 68 63  77 80 84 90 72 68 67 60  76 78 79 79 71 68 68 66  72 72 71 70 69 69 67 68"
"2026-09-23T15:27:28.208967241Z"," 70 69 68 68 68 68 68 68  81 68 69 69 68 67 68 68  81 73 71 69 68 68 69 68  79 78 75 70 70 69 68 68  76 78 77 74 69 68 68 62  77 80 83 90 72 68 67 61  77 77 79 79 70 68 68 66  71 72 71 70 68 68 68 68"
"2026-09-23T15:27:36.737459407Z"," 69 69 68 68 67 68 67 68  81 70 68 68 68 68 68 68  80 73 70 68 69 68 69 68  80 78 76 71 71 69 68 68  76 78 74 73 70 69 68 63  77 79 82 87 71 68 67 61  76 77 78 79 71 68 68 65  72 72 71 71 68 67 67 68"
"2026-09-23T15:27:47.239369949Z"," -- -- -- -- -- -- -- --"
"2026-09-23T15:29:38.37075863Z"," 71 70 68 68 68 68 68 68  75 73 72 70 68 69 68 68  72 72 71 70 68 68 69 68  68 68 69 68 69 68 68 68  67 68 69 72 69 68 69 63  67 68 74 84 72 68 68 62  67 68 70 77 71 69 70 69  68 69 68 70 69 70 71 92"
"2026-09-23T15:29:48.370078513Z"," 70 70 70 70 68 69 68 69  80 69 70 69 69 68 68 70  71 69 69 68 69 69 69 69  69 69 69 70 69 69 69 68  68 68 70 72 70 70 69 64  67 69 74 85 72 70 68 63  69 69 72 79 72 70 71 70  68 69 70 70 70 72 72 94"
"2026-09-23T15:29:58.370077381Z"," 69 69 68 68 67 68 68 69  81 70 70 69 68 68 68 69  75 75 71 69 68 68 69 68  79 78 77 72 69 69 68 69  77 77 77 73 70 68 68 64  77 80 80 86 72 68 68 62  76 78 77 79 72 70 71 68  72 71 71 71 70 69 72 93"
"2026-09-23T15:30:08.373606231Z"," 69 69 68 67 67 67 68 68  80 69 68 69 68 68 68 68  75 73 70 68 68 69 69 68  79 77 76 71 70 69 68 68  76 77 76 71 69 68 68 64  77 79 80 85 72 68 68 62  75 77 77 78 72 69 71 68  71 72 71 70 70 71 71 93"
"2026-09-23T15:30:18.383497729Z"," 69 68 68 68 67 67 68 69  80 70 69 68 67 67 68 68  75 72 71 68 68 68 68 69  78 79 76 72 70 68 68 68  75 78 77 73 69 69 68 63  77 79 80 86 72 68 68 62  76 77 77 78 71 68 71 68  71 72 71 70 71 70 72 92"
"2026-09-23T15:30:28.36761125Z"," 69 69 68 68 68 68 68 69  79 68 69 69 68 68 67 68  76 73 69 68 68 69 68 68  79 78 76 71 70 68 68 69  77 78 76 71 70 69 69 63  78 79 80 85 72 69 68 63  76 78 77 78 72 70 71 69  72 71 71 70 69 71 72 93"
"2026-09-23T15:30:38.365578429Z"," 70 70 69 68 67 68 69 69  80 70 70 70 68 68 69 69  74 72 70 69 69 69 69 68  80 79 77 72 71 70 68 68  77 78 76 72 70 69 69 64  78 79 80 85 72 69 70 63  77 78 78 78 72 71 71 69  71 71 72 71 71 71 73 93"
"2026-09-23T15:30:48.366316005Z"," 70 70 69 68 68 68 68 70  81 70 69 70 69 68 69 70  77 74 71 70 70 70 70 70  80 80 76 71 71 69 68 69  77 79 77 74 70 70 70 64  78 80 81 85 73 69 69 64  77 78 79 79 72 71 72 70  73 72 72 71 71 71 74 94"
"2026-09-23T15:30:58.363776765Z"," 70 69 69 68 68 68 68 70  80 70 69 69 69 68 69 69  77 74 71 70 69 69 69 69  79 80 77 73 71 70 69 69  77 79 77 75 71 70 69 63  78 79 80 85 74 70 70 63  77 78 79 79 72 71 72 70  73 72 71 72 71 72 74 95"
"2026-09-23T15:31:08.380397709Z"," 69 69 68 68 68 69 68 69  80 71 69 69 68 68 68 70  75 74 70 69 69 68 69 68  80 79 77 72 70 68 68 69  77 78 77 73 70 69 70 65  77 79 80 84 72 70 69 63  77 78 77 78 72 70 72 70  72 72 71 71 71 71 73 94"
"2026-09-23T15:31:18.377118502Z"," 68 68 67 67 67 67 67 68  78 68 67 68 68 67 67 68  70 68 68 67 68 68 68 68  75 72 69 68 69 68 67 68  75 77 74 71 69 68 68 63  76 78 78 82 70 68 68 62  75 75 73 76 70 69 70 68  72 70 69 69 69 70 72 93"
"2026-09-23T15:31:28.371025682Z"," 69 68 67 67 67 66 68 68  79 68 68 68 68 68 67 69  75 70 68 68 67 68 68 68  76 74 72 70 70 68 68 68  73 76 76 72 69 68 69 63  77 80 79 83 72 68 69 63  77 76 74 73 71 70 72 68  72 71 71 70 69 70 73 93"
"2026-09-23T15:31:38.38270719Z"," 70 68 67 68 68 68 68 68  80 70 69 68 68 68 68 69  74 73 71 69 68 68 68 68  79 79 77 74 70 69 68 68  77 77 77 74 70 68 68 64  78 79 79 83 72 69 69 62  76 78 78 79 71 70 71 69  73 72 72 70 70 71 73 94"
"2026-09-23T15:31:48.366233929Z"," 69 69 69 68 67 68 68 69  80 70 69 68 68 68 68 70  75 72 70 68 69 68 70 68  78 79 77 74 70 68 68 68  76 78 77 75 71 70 69 64  78 79 79 83 72 69 69 63  77 78 77 79 72 71 72 70  72 73 71 72 71 71 72 93"
"2026-09-23T15:32:00.313970613Z"," 70 69 68 68 69 68 68 69  80 69 68 69 69 68 68 69  74 72 70 69 69 69 69 68  80 79 77 73 71 69 68 68  76 78 77 76 70 71 68 64  78 79 79 84 72 69 69 63  77 77 79 78 72 71 73 70  72 72 72 71 71 72 73 95"
"2026-09-23T15:32:08.375379037Z"," 68 69 68 68 68 67 69 68  80 69 69 68 68 68 69 69  74 72 71 68 69 68 69 68  80 78 76 73 70 69 69 69  76 78 77 75 71 69 70 64  78 79 79 84 72 69 70 62  77 77 77 78 72 71 72 69  72 72 71 72 70 72 72 94"
"2026-09-23T15:32:18.361477054Z"," 70 68 68 67 68 68 68 68  80 69 69 69 68 68 68 69  74 73 70 68 69 68 69 69  81 77 77 71 70 69 68 68  76 77 76 72 69 69 69 64  77 78 79 82 72 69 69 63  77 78 78 78 72 70 72 70  72 72 71 71 71 71 74 94"
"2026-09-23T15:32:28.371554591Z"," 69 69 68 68 68 67 68 69  78 69 68 68 68 68 68 69  74 72 69 68 68 68 69 68  79 78 77 72 70 68 68 68  76 78 77 76 70 70 69 63  77 78 79 83 73 70 68 63  76 77 77 77 72 70 72 69  72 72 72 70 70 71 74 93"
"2026-09-23T15:32:38.364594262Z"," 69 69 68 68 67 67 68 69  80 69 70 69 68 68 69 70  75 73 70 69 69 69 69 69  80 78 76 71 71 69 69 68  76 78 77 72 71 70 69 64  77 79 79 83 72 70 69 64  77 77 78 77 72 72 73 71  72 72 71 71 70 72 75 94"
"2026-09-23T15:32:48.422521629Z"," 69 68 68 68 68 68 68 68  79 69 69 68 68 68 68 68  75 74 71 68 68 68 69 68  79 78 74 70 70 68 68 68  76 78 75 72 70 69 68 63  78 79 79 82 72 69 69 62  76 78 77 77 72 70 72 69  72 72 71 71 70 71 74 93"
"2026-09-23T15:32:58.357771993Z"," 69 68 68 67 67 67 68 68  79 69 69 68 67 68 68 68  75 73 72 69 68 68 69 68  80 79 77 72 70 70 68 69  77 78 77 72 70 68 69 65  78 78 79 82 73 70 70 63  77 78 77 78 72 71 72 70  72 73 71 71 71 72 75 94"
"2026-09-23T15:33:08.359317937Z"," 69 69 68 68 67 68 69 69  79 70 69 69 68 69 69 69  75 73 71 69 69 69 69 69  79 79 77 74 71 69 69 69  77 79 77 74 70 70 69 64  78 79 79 82 73 70 70 63  77 78 78 77 72 72 73 69  72 72 71 71 71 72 75 94"
"2026-09-23T15:33:18.361425274Z"," 71 69 69 68 68 68 69 70  79 70 70 70 69 68 69 69  75 73 70 69 69 69 69 69  80 79 77 72 71 69 68 70  77 78 77 72 70 70 70 65  78 79 80 82 72 70 70 64  76 78 78 78 72 72 72 71  72 73 72 71 71 73 76 94"
"2026-09-23T15:33:28.380088601Z"," 69 69 68 68 68 69 68 70  80 70 70 69 68 68 69 70  74 73 70 69 69 69 70 69  80 79 77 73 72 69 69 69  77 78 77 75 72 70 70 65  79 79 79 81 72 70 70 63  77 78 77 78 72 72 73 71  73 73 72 71 70 73 75 95"
"2026-09-23T15:33:38.354175213Z"," 70 69 68 68 68 68 69 69  79 70 69 69 68 68 69 69  74 73 70 69 69 69 70 68  80 78 77 72 71 70 69 68  77 79 77 72 71 70 70 65  78 78 79 80 72 70 70 63  76 78 78 77 72 72 73 71  72 72 71 72 71 72 75 94"
"2026-09-23T15:33:48.362620153Z"," 69 69 69 68 68 68 68 71  79 70 69 70 68 69 69 70  75 72 70 69 69 69 69 69  80 78 77 73 71 69 69 69  77 79 77 74 71 70 69 64  77 78 79 82 72 71 70 65  76 79 78 77 72 71 73 70  72 73 73 71 71 73 74 93"
"2026-09-23T15:34:00.351339408Z"," 68 69 68 68 68 68 68 69  80 70 69 69 68 68 68 70  74 72 70 68 69 69 68 69  79 77 76 73 71 69 68 68  77 78 77 74 70 70 69 64  77 78 78 81 72 70 70 64  76 77 77 77 72 72 72 69  71 71 71 71 70 72 73 94"
"2026-09-23T15:34:08.362760209Z"," 69 68 68 68 67 68 68 69  78 69 68 68 67 68 68 68  73 72 68 68 68 68 68 69  79 77 73 69 70 68 68 68  74 76 72 72 70 69 68 64  77 77 76 80 72 70 69 63  75 77 77 76 72 70 72 70  72 71 70 69 70 72 74 94"
"2026-09-23T15:34:20.434997506Z"," 70 69 68 68 68 68 68 70  79 70 69 69 68 68 69 69  76 74 70 69 69 69 70 68  80 79 77 73 70 69 68 69  77 78 77 74 70 70 69 65  78 79 78 81 72 70 69 64  75 76 75 76 72 71 72 70  70 70 70 70 71 72 75 93"
"2026-09-23T15:34:28.36033292Z"," 70 69 69 68 68 69 68 69  80 71 69 69 69 68 69 69  76 74 70 69 70 69 69 69  80 78 75 71 71 69 68 69  77 78 74 71 71 70 69 64  77 79 77 81 72 70 70 63  75 76 75 76 72 71 73 71  69 70 70 70 70 73 75 95"
"2026-09-23T15:34:38.363807045Z"," 69 70 69 68 68 68 68 70  80 70 69 69 68 68 69 69  75 74 71 69 69 70 70 69  80 79 77 72 71 70 68 69  77 78 77 72 71 71 70 65  78 79 79 81 73 70 70 64  77 78 79 77 73 72 74 71  72 72 71 72 71 73 76 95"
"2026-09-23T15:34:50.401893872Z"," 69 69 68 67 69 68 69 68  79 70 69 69 68 68 69 68  75 73 70 69 69 70 69 69  79 79 77 74 71 69 68 69  77 78 77 74 71 70 70 64  78 78 78 81 72 70 70 64  76 78 77 77 73 72 74 71  72 72 72 71 70 73 75 94"
"2026-09-23T15:34:58.368040538Z"," 69 69 68 68 68 68 68 70  80 70 69 69 68 68 69 69  74 73 70 69 69 68 69 69  79 79 77 73 71 69 69 69  77 79 77 74 71 69 69 65  78 78 78 81 72 70 71 64  76 78 78 77 72 72 73 70  72 72 71 70 69 73 74 95"
"2026-09-23T15:35:08.356249732Z"," 69 70 68 68 69 68 69 70  79 70 69 69 68 68 68 68  75 72 71 69 69 70 69 69  80 79 77 74 71 70 69 69  77 78 77 75 70 71 69 64  78 78 78 81 72 71 70 64  76 78 77 77 72 72 72 71  72 72 72 71 71 74 75 94"
"2026-09-23T15:35:20.369864496Z"," 69 69 69 68 68 68 68 71  80 70 70 69 68 68 68 70  74 73 70 69 68 69 69 68  80 79 77 72 71 70 68 70  76 78 76 72 71 69 69 64  78 79 78 80 73 71 70 65  77 78 77 77 72 72 73 71  74 73 71 72 71 73 75 93"
"2026-09-23T15:35:28.357242951Z"," 71 69 68 68 68 68 68 69  79 70 69 69 68 68 68 69  75 72 69 69 69 69 70 69  80 78 76 71 72 69 68 70  77 78 76 73 71 70 70 65  78 80 78 81 72 71 71 65  77 79 76 75 72 71 73 71  71 72 70 69 71 72 74 93"
"2026-09-23T15:35:38.358151969Z"," 69 69 68 67 68 68 68 68  79 69 69 69 68 68 69 68  75 73 70 68 68 69 68 69  79 79 77 72 70 69 68 69  77 78 77 74 70 69 68 64  78 79 78 80 72 69 69 63  77 78 77 77 72 71 71 70  71 72 72 69 71 72 74 92"
"2026-09-23T15:35:48.357587558Z"," 70 68 68 68 68 68 68 68  79 69 69 68 68 68 68 68  72 71 69 69 68 69 69 68  78 77 76 72 71 70 68 69  77 79 77 75 71 70 70 65  78 78 78 79 72 69 70 63  77 78 78 77 72 72 73 69  73 75 72 71 71 73 75 93"
"2026-09-23T15:36:00.387874349Z"," 70 70 69 68 68 68 68 71  79 70 71 69 69 68 69 69  75 73 70 69 69 69 70 69  80 79 77 73 71 69 69 69  77 78 78 74 72 70 70 65  78 80 78 80 72 71 71 64  77 78 78 77 73 71 73 70  72 73 72 72 72 73 76 94"
"2026-09-23T15:36:08.363994648Z"," 69 70 68 69 68 68 69 69  80 69 68 69 69 69 69 70  73 72 70 69 69 69 69 69  80 77 77 72 71 69 68 69  77 78 77 74 71 70 70 65  78 79 77 79 73 71 70 64  77 77 78 77 72 72 73 71  73 73 72 71 71 72 76 93"
"2026-09-23T15:36:20.544525894Z"," 68 68 68 67 68 68 68 69  79 69 68 69 68 68 68 69  71 68 68 68 68 68 68 69  76 76 74 71 71 69 68 69  79 79 75 74 71 69 70 64  78 78 77 78 72 70 70 64  77 77 78 77 73 72 72 70  76 76 74 71 70 72 74 93"
"2026-09-23T15:36:28.354833931Z"," 69 69 68 68 68 68 68 70  78 70 68 69 69 68 68 68  75 72 71 69 68 69 69 68  79 78 77 73 71 70 68 69  77 78 77 74 72 70 69 65  78 80 77 79 73 70 71 65  77 77 77 77 73 72 73 71  72 72 72 71 71 72 75 93"
"2026-09-23T15:36:39.550022456Z"," 69 69 69 69 68 68 70 70  79 70 69 69 68 68 69 69  75 73 70 69 69 68 70 69  79 80 77 74 71 69 69 69  77 78 77 75 71 71 70 65  78 78 77 79 73 71 71 65  77 78 77 77 73 71 73 70  73 72 72 71 72 73 76 94"
"2026-09-23T15:36:48.349740726Z"," 70 70 68 68 68 68 68 70  79 69 70 69 68 68 69 69  74 73 70 69 69 69 69 69  80 78 77 72 70 69 69 69  77 78 77 72 70 71 70 65  78 79 78 79 73 71 70 65  77 79 77 77 73 72 74 71  72 72 72 72 71 73 75 94"
"2026-09-23T15:36:58.355344403Z"," 68 68 68 67 66 67 67 68  78 68 68 68 67 68 68 68  74 68 68 68 68 68 68 68  75 74 72 69 70 68 68 68  75 77 75 72 70 68 68 63  76 78 76 81 72 69 69 63  73 73 72 73 70 71 72 70  71 69 68 69 70 72 76 92"
"2026-09-23T15:37:08.35014818Z"," 69 69 68 68 68 68 68 69  79 70 69 69 68 68 68 69  77 76 76 72 69 69 69 69  80 77 74 71 71 68 68 69  77 77 76 72 70 69 69 64  77 79 77 78 73 70 69 64  76 79 78 77 72 72 72 70  72 72 71 71 71 73 75 93"
"2026-09-23T15:37:20.418279584Z"," 69 69 68 68 68 68 69 69  78 69 69 69 68 68 68 69  74 73 70 68 69 68 69 69  81 78 76 72 71 69 68 69  76 78 77 72 71 70 70 65  77 78 78 79 72 70 70 65  77 78 77 77 73 72 73 71  72 73 71 71 71 73 75 93"
"2026-09-23T15:37:28.35442135Z"," 69 68 68 68 68 68 68 69  79 69 69 69 68 69 69 69  75 72 71 68 70 69 69 69  79 79 77 73 71 69 68 69  77 78 77 74 71 69 70 65  77 79 77 79 72 70 70 65  77 78 77 75 73 71 73 71  72 72 71 71 71 73 76 94"
"2026-09-23T15:37:38.374388884Z"," 69 68 67 68 68 68 68 69  79 70 69 68 68 68 68 68  74 72 69 68 69 68 69 68  79 79 76 73 71 69 68 69  77 78 77 74 71 69 69 65  77 78 77 79 72 70 71 64  76 78 77 76 73 72 73 71  72 72 71 70 71 72 75 93"
"2026-09-23T15:37:48.346741755Z"," 69 69 68 68 68 68 68 70  78 70 69 68 68 68 69 69  75 72 70 69 69 69 71 69  80 78 76 72 71 69 68 69  76 78 76 71 71 69 70 65  77 78 77 78 72 70 71 64  77 79 77 77 72 72 73 70  71 71 71 70 71 73 75 93"
"2026-09-23T15:37:58.344843311Z"," 70 69 68 68 68 68 68 69  78 69 69 68 68 68 68 70  75 72 69 68 70 69 70 68  79 79 76 73 71 69 70 69  76 79 77 75 71 70 70 66  78 79 78 78 72 71 70 65  77 78 78 76 72 72 73 71  72 73 71 71 71 73 75 94"
"2026-09-23T15:38:08.349318761Z"," 70 70 68 68 68 68 68 70  79 70 70 69 69 68 69 69  74 72 71 69 69 69 69 70  79 79 77 72 71 70 69 69  77 78 77 74 72 71 71 65  78 79 77 78 72 71 71 64  77 78 77 77 72 72 73 71  72 72 71 71 72 73 76 93"
"2026-09-23T15:38:18.341234382Z"," 70 69 69 68 68 68 69 68  78 70 69 69 68 68 68 69  75 73 71 69 69 69 70 69  80 79 76 72 71 70 69 69  76 78 77 72 71 69 70 66  78 79 77 77 72 71 71 64  77 77 76 76 72 72 73 70  72 72 71 71 71 74 75 94"
"2026-09-23T15:38:28.343055381Z"," 68 68 68 66 67 68 68 68  77 68 68 68 68 68 67 68  75 72 70 68 68 68 69 68  78 77 76 72 69 68 68 69  75 77 76 72 70 69 68 64  77 77 76 77 71 69 68 63  76 77 75 75 72 71 72 70  70 72 70 70 70 72 75 93"
"2026-09-23T15:38:38.347699864Z"," 70 69 68 68 67 68 68 68  78 69 68 68 68 68 68 69  75 73 69 68 69 68 69 68  80 77 74 71 70 69 68 69  76 77 74 71 70 69 69 64  78 78 76 77 72 69 70 63  76 77 76 76 72 72 72 70  72 72 71 71 70 73 76 92"
"2026-09-23T15:38:50.491774715Z"," 70 69 68 67 68 68 69 68  78 69 69 68 68 68 68 69  75 73 70 68 69 68 68 69  80 79 76 71 71 69 69 69  77 78 76 72 71 70 70 64  78 79 78 78 72 70 70 65  77 78 77 76 73 72 73 72  72 72 72 71 72 73 75 93"
"2026-09-23T15:38:58.341718201Z"," 70 69 69 68 67 68 68 70  78 70 70 69 68 69 69 70  76 73 71 69 70 69 70 69  80 80 77 74 72 69 69 69  77 78 77 75 71 69 70 65  78 78 77 78 73 71 72 65  77 78 77 76 72 73 73 72  72 72 71 71 71 74 76 93"
"2026-09-23T15:39:08.349646276Z"," 69 69 68 68 68 68 68 69  79 70 69 69 68 68 69 69  73 72 71 69 69 69 69 69  79 79 76 73 71 69 68 69  76 78 77 74 71 70 69 66  77 78 77 78 73 70 70 64  77 78 76 76 72 72 72 70  72 72 71 71 71 73 75 92"
"2026-09-23T15:39:18.346628165Z"," 69 69 68 68 68 68 68 68  78 70 69 68 68 68 68 70  74 72 70 68 70 68 69 70  80 78 75 71 70 69 68 70  76 79 75 71 71 70 69 65  77 78 77 77 72 70 70 64  77 78 77 76 72 72 72 71  72 72 71 71 71 73 75 93"
"2026-09-23T15:39:28.354707411Z"," 70 69 68 68 68 68 68 68  78 69 69 69 68 68 68 69  74 72 69 69 69 68 70 69  80 79 75 72 71 70 69 70  76 79 76 72 71 71 70 65  79 78 77 77 72 71 71 65  77 78 77 76 72 72 73 71  72 72 71 70 71 73 75 93"
"2026-09-23T15:39:38.34623479Z"," 69 68 68 69 67 68 69 69  77 69 68 69 68 68 68 68  74 72 70 69 70 69 69 69  80 78 77 72 70 69 69 69  77 78 77 73 71 70 70 65  77 78 77 78 72 71 70 65  77 77 77 77 73 71 73 71  72 73 72 70 72 73 75 93"
"2026-09-23T15:39:50.438729031Z"," 70 69 68 68 68 68 68 68  79 69 70 69 68 68 69 69  74 73 70 69 69 69 69 69  80 78 76 72 70 69 68 70  76 78 76 72 71 69 70 64  77 78 77 78 72 70 70 64  77 77 77 76 72 72 72 69  71 72 71 72 71 73 75 93"
"2026-09-23T15:39:58.344592531Z"," 70 69 69 68 68 68 68 69  79 70 70 69 68 69 69 68  73 72 70 69 69 69 70 70  80 78 77 72 71 69 69 69  76 78 77 72 71 70 70 66  77 78 76 77 72 71 70 64  75 78 76 76 72 72 73 72  72 72 72 71 72 73 75 92"
"2026-09-23T15:40:08.344611081Z"," 69 68 68 67 68 68 68 69  79 69 70 68 68 68 69 69  75 73 71 69 69 69 70 69  80 79 76 72 71 70 68 69  76 78 76 71 71 69 69 64  78 78 76 77 72 71 71 65  76 78 77 77 72 72 72 71  72 71 71 71 71 74 75 92"
"2026-09-23T15:40:20.516036347Z"," 70 69 69 68 69 68 69 69  80 70 70 70 69 68 68 69  76 76 75 75 70 70 70 69  81 79 75 72 71 69 69 68  78 77 77 74 72 70 69 65  78 80 77 78 72 72 70 65  77 79 76 76 72 73 73 71  73 72 71 72 71 73 76 92"
"2026-09-23T15:40:29.534852475Z"," 70 69 68 68 68 68 68 69  78 70 69 68 68 68 68 69  75 73 71 68 69 69 69 69  80 79 76 72 70 69 69 68  77 78 76 72 70 70 70 66  78 78 77 77 72 71 71 65  76 77 77 75 72 72 73 71  71 72 71 70 71 73 74 92"
"2026-09-23T15:40:38.334314824Z"," 70 68 68 68 68 68 68 69  77 69 68 69 68 68 68 68  75 72 70 68 69 69 69 69  79 79 77 73 71 69 69 68  77 78 76 74 71 70 70 66  77 78 77 77 72 71 71 64  76 77 76 76 73 72 73 71  72 72 71 71 71 73 75 93"
"2026-09-23T15:40:48.336238959Z"," 70 69 68 69 68 68 68 70  78 69 69 69 68 69 69 70  75 73 71 68 70 70 70 70  80 79 77 73 72 70 68 69  77 78 77 75 71 70 70 67  77 78 77 77 73 71 71 64  77 78 77 76 73 72 73 71  72 72 71 71 71 73 75 93"
"2026-09-23T15:40:58.336894418Z"," 69 69 68 68 68 68 68 69  77 69 68 68 68 67 68 68  74 72 69 69 68 69 69 70  79 78 76 73 71 69 68 68  76 78 77 73 70 70 70 65  78 77 77 77 72 70 70 64  76 77 75 75 72 72 73 71  72 72 70 71 71 73 74 91"
"2026-09-23T15:41:08.340595852Z"," 69 69 68 68 68 68 68 69  78 69 70 69 68 69 70 69  75 73 71 70 69 69 69 68  80 78 76 74 71 69 69 69  77 78 77 74 71 69 70 67  77 79 77 77 72 70 70 65  77 78 77 75 73 72 74 71  71 72 71 71 72 72 75 94"
"2026-09-23T15:41:18.359160298Z"," 68 68 67 68 67 67 68 68  78 69 68 68 68 68 68 69  75 73 70 69 69 68 69 68  80 79 76 72 70 69 68 69  76 77 77 72 71 70 69 65  77 78 76 77 72 71 70 64  77 77 76 75 72 72 73 72  72 72 71 70 72 73 75 91"
"2026-09-23T15:41:30.514499962Z"," 69 68 68 67 67 67 68 67  77 69 68 68 67 67 68 68  75 72 69 68 68 69 68 68  78 78 75 71 69 69 68 68  76 77 75 71 70 69 69 64  77 77 75 75 71 70 68 64  76 77 75 75 71 71 72 70  71 71 70 70 71 73 74 91"
"2026-09-23T15:41:38.357887977Z"," 69 68 67 67 66 67 68 68  77 68 68 68 68 68 68 68  74 71 68 68 68 68 68 68  78 76 72 69 70 68 68 68  76 77 73 72 70 69 68 63  76 78 75 76 71 69 69 63  76 76 74 72 71 70 71 70  72 71 68 68 69 72 74 92"
"2026-09-23T15:41:48.33285045Z"," 69 69 68 68 68 68 68 70  78 69 70 69 69 68 69 69  72 71 70 68 69 69 69 69  79 79 76 73 71 69 69 70  77 79 77 74 72 70 70 65  78 79 77 77 73 71 70 64  76 78 77 75 73 72 72 71  74 74 72 69 72 73 75 92"
"2026-09-23T15:42:00.516762218Z"," 69 69 68 68 67 68 68 68  78 70 69 69 68 68 69 68  76 74 71 69 69 68 69 68  80 78 74 70 71 69 68 68  75 78 76 72 71 70 69 66  77 78 76 76 72 70 70 63  76 77 76 74 72 71 73 71  71 71 70 70 70 73 73 91"
"2026-09-23T15:42:08.378010132Z"," 69 68 68 68 67 68 68 69  77 69 68 68 68 68 68 69  74 74 70 68 68 68 69 69  79 78 76 70 70 69 68 69  76 77 76 71 71 69 69 64  77 78 76 75 72 69 70 63  76 77 77 74 72 72 72 70  71 72 71 70 70 72 74 91"
"2026-09-23T15:42:18.334919013Z"," 69 68 68 67 67 68 68 70  78 69 69 68 68 68 69 69  76 73 71 68 69 69 69 68  80 79 73 70 71 69 68 69  76 78 76 73 71 70 69 65  77 78 76 76 72 70 70 64  76 78 76 74 72 72 73 71  71 72 71 70 71 73 75 92"
"2026-09-23T15:42:28.334453803Z"," 68 69 68 68 67 68 68 69  77 70 68 68 67 68 68 68  72 71 70 69 69 69 69 68  79 78 76 72 69 68 68 69  76 77 76 75 71 69 69 65  77 78 76 76 72 70 70 64  75 78 76 74 72 72 72 70  72 72 70 71 71 72 75 91"
"2026-09-23T15:42:38.332471041Z"," 69 68 67 68 68 67 68 68  78 69 68 68 67 68 68 69  75 73 69 68 69 68 69 68  78 75 72 70 70 68 68 68  75 77 74 72 71 70 69 65  77 77 72 74 71 70 68 64  77 77 75 74 72 71 73 70  71 70 70 69 70 73 74 91"
"2026-09-23T15:42:48.337033663Z"," 68 68 67 66 67 67 68 68  77 68 67 67 67 67 68 68  70 68 67 68 68 68 68 68  75 72 70 68 70 67 68 68  75 76 73 72 69 69 68 64  76 77 75 75 71 70 69 64  74 73 71 72 72 71 72 70  72 69 68 69 70 72 74 90"
"2026-09-23T15:42:58.330634826Z"," 68 69 67 68 68 68 68 69  78 70 69 68 68 68 69 69  75 73 70 68 69 70 70 69  79 78 76 71 71 70 68 68  76 78 75 70 71 70 70 65  78 79 76 75 73 71 69 65  76 77 75 73 72 71 72 71  71 72 69 69 71 73 75 91"
"2026-09-23T15:43:08.336964389Z"," 69 70 68 68 68 68 70 68  77 70 69 69 68 68 69 68  75 73 71 70 69 69 70 69  79 78 77 72 71 70 69 69  77 78 77 72 71 71 69 66  78 79 77 76 72 71 71 65  76 77 77 74 72 72 74 71  72 71 71 70 72 73 76 92"
"2026-09-23T15:43:18.342147303Z"," 69 69 69 68 68 68 70 69  78 69 70 70 68 68 70 70  76 75 71 69 69 70 69 69  80 78 76 72 72 69 69 68  76 78 76 72 72 70 69 66  77 79 76 75 72 70 70 65  77 77 76 73 72 72 72 71  72 71 70 71 71 73 75 92"
"2026-09-23T15:43:28.330414404Z"," 69 68 68 67 68 68 68 69  77 68 68 68 68 68 68 68  74 71 68 68 68 69 69 69  80 77 73 70 70 68 68 69  76 77 72 72 72 69 69 66  77 77 75 75 71 70 69 64  77 77 74 73 72 72 73 70  70 70 69 69 71 72 76 91"
"2026-09-23T15:43:38.351652837Z"," 69 69 68 68 67 68 69 69  78 70 69 69 68 68 68 69  75 74 70 68 69 69 70 69  79 78 76 71 71 70 68 70  76 77 75 72 72 70 70 66  77 79 76 76 72 69 70 64  76 77 76 74 72 72 73 71  72 72 71 70 71 73 75 91"
"2026-09-23T15:43:48.329162135Z"," 69 68 68 68 68 68 68 68  77 69 68 68 68 68 69 69  75 73 70 68 69 69 69 69  79 79 76 72 70 69 69 69  77 78 77 73 71 70 69 65  77 79 75 76 72 71 70 64  76 78 76 74 72 71 72 70  71 71 70 69 71 74 75 91"
"2026-09-23T15:43:58.331362494Z"," 68 68 68 67 68 68 68 69  77 70 69 68 69 68 68 69  75 72 70 68 69 69 70 69  80 79 77 73 71 69 69 69  76 78 77 72 71 70 69 65  77 77 75 75 72 71 70 64  77 78 76 75 72 72 73 71  72 72 71 71 71 73 75 91"
"2026-09-23T15:44:08.324407395Z"," 69 69 68 67 67 68 68 69  78 70 69 69 68 68 68 69  74 73 71 68 69 69 69 69  79 78 76 72 70 69 68 69  76 78 76 71 71 70 70 66  77 78 77 74 72 70 69 65  77 77 76 74 72 72 72 71  71 72 71 70 72 73 75 92"
"2026-09-23T15:44:20.5879773Z"," 69 69 68 68 68 68 68 69  77 69 69 69 69 68 68 69  73 72 69 68 70 70 70 69  79 78 76 72 71 70 68 70  76 78 76 73 71 70 70 65  77 78 76 75 72 70 71 65  76 78 77 75 73 72 73 71  73 72 71 70 71 73 75 90"
"2026-09-23T15:44:28.3273772Z"," 69 69 68 68 68 68 68 70  77 69 69 69 68 68 69 70  72 71 70 68 68 69 69 68  79 79 76 72 71 70 69 69  76 78 77 73 71 70 70 66  77 78 75 75 72 71 71 66  76 78 74 75 73 72 72 70  73 75 73 77 72 72 75 92"
"2026-09-23T15:44:38.328758755Z"," 69 68 68 68 68 68 67 68  77 69 68 68 68 68 69 69  72 68 68 68 69 69 69 69  76 75 72 70 71 69 68 69  76 77 75 72 71 69 69 65  77 78 75 74 72 70 69 64  77 77 76 75 72 71 73 71  72 72 72 70 72 73 74 91"
"2026-09-23T15:44:48.326217398Z"," 68 68 67 68 68 67 68 68  77 70 68 68 68 68 69 69  74 72 70 68 68 69 68 68  78 78 75 72 70 70 68 70  76 77 75 71 71 70 69 65  77 78 76 73 71 70 70 65  77 77 76 75 72 71 72 71  71 72 71 71 71 73 74 91"
"2026-09-23T15:45:00.599264129Z"," 69 68 67 67 68 68 68 69  77 69 69 69 68 68 68 70  75 74 71 69 69 69 70 68  80 78 76 71 71 70 68 68  76 77 75 72 71 70 69 65  77 77 75 74 72 70 69 66  77 77 74 72 72 72 72 71  71 72 70 70 71 73 75 90"
"2026-09-23T15:45:08.332310747Z"," 69 68 67 68 68 68 69 68  77 69 68 68 68 68 69 68  73 72 69 68 69 69 69 68  79 77 74 71 70 69 68 69  76 77 76 73 71 69 69 65  77 77 75 73 72 70 69 64  77 78 76 73 72 72 72 70  72 71 70 70 71 72 73 91"
"2026-09-23T15:45:20.555954378Z"," 69 69 68 68 68 68 68 69  77 69 69 68 68 68 69 69  74 73 69 68 68 68 70 69  80 78 76 72 70 69 68 69  76 77 74 71 71 70 70 66  78 78 74 73 72 70 70 65  75 79 75 73 72 71 73 71  72 71 70 69 71 72 74 90"
"2026-09-23T15:45:28.323219796Z"," 69 69 69 68 68 68 69 68  78 70 69 69 69 68 69 69  74 73 70 69 69 69 69 70  81 79 77 73 71 70 69 69  77 77 77 73 72 70 70 66  76 78 76 74 72 71 69 65  77 78 76 74 72 72 72 71  72 72 70 71 71 73 74 91"
"2026-09-23T15:45:38.327078396Z"," 69 69 67 68 67 68 68 70  77 69 69 69 68 68 69 68  73 72 69 68 68 68 69 69  79 79 76 72 70 69 68 69  76 77 76 73 71 70 69 66  77 78 75 73 71 70 70 64  76 77 76 73 72 72 72 71  71 71 70 70 71 73 75 91"
"2026-09-23T15:45:50.540840677Z"," 69 69 67 68 67 68 68 69  77 68 68 68 68 68 69 70  74 72 69 69 69 69 70 69  79 79 76 72 70 69 69 69  76 78 76 73 71 70 69 64  77 78 75 73 72 70 70 64  77 77 76 74 73 71 73 71  71 72 70 70 71 73 74 90"
"2026-09-23T15:45:58.335734689Z"," 68 69 68 68 68 68 68 69  77 69 68 68 68 68 68 69  74 72 69 68 68 68 69 69  79 77 75 70 70 69 68 69  76 77 75 70 71 70 69 65  77 77 75 73 71 69 70 65  76 77 76 73 72 71 73 70  71 71 69 69 71 73 75 90"
"2026-09-23T15:46:08.324517201Z"," 68 69 68 68 68 68 68 69  76 68 68 68 67 68 68 68  73 72 70 68 69 68 70 69  79 78 75 72 71 68 68 69  76 77 75 72 70 70 69 65  77 78 74 73 72 71 69 65  76 77 76 74 72 71 72 70  71 71 70 69 72 73 74 91"
"2026-09-23T15:46:18.327616441Z"," 68 68 67 66 67 68 67 68  77 68 67 67 67 67 67 67  74 69 67 68 67 68 68 68  76 74 71 70 69 68 68 68  73 76 74 72 70 68 69 65  74 74 75 77 71 69 70 63  73 72 71 73 72 70 73 71  69 68 68 69 70 72 74 90"
"2026-09-23T15:46:28.414361068Z"," 69 68 67 68 67 67 68 69  77 69 68 68 68 68 68 69  73 71 68 68 69 68 69 68  78 76 72 69 70 69 68 68  75 76 72 72 70 70 69 65  77 78 75 74 71 70 69 65  75 77 74 72 72 72 72 71  71 71 70 69 70 72 74 89"
"2026-09-23T15:46:38.417123688Z"," 68 68 67 67 67 67 69 70  77 69 69 68 68 68 68 68  73 72 69 68 68 69 69 68  79 78 75 71 70 69 68 68  75 77 75 71 71 70 69 65  77 78 75 72 72 70 69 64  76 77 76 73 72 72 72 71  71 70 70 69 71 71 74 90"
"2026-09-23T15:46:48.418758137Z"," 68 68 68 68 68 68 68 68  77 69 68 68 68 68 68 69  74 73 69 68 69 68 69 68  78 78 76 72 70 69 68 69  76 77 76 73 70 69 70 65  77 78 75 72 72 70 70 64  77 78 76 74 73 72 72 71  72 71 70 70 71 73 75 91"
"2026-09-23T15:46:58.415256946Z"," 69 68 68 68 68 68 69 68  76 68 68 69 68 68 68 69  70 68 68 68 68 68 69 68  76 76 74 71 70 69 68 69  78 79 75 72 71 70 69 66  77 77 75 73 72 70 70 65  77 77 77 74 72 72 73 71  75 76 72 71 71 73 75 91"
"2026-09-23T15:47:08.419102565Z"," 69 68 68 68 68 68 69 68  77 70 69 68 68 68 69 68  74 73 70 69 69 69 70 69  78 79 75 72 71 69 69 69  76 77 76 71 71 71 70 66  77 78 75 73 72 71 71 66  77 77 76 74 72 72 73 70  72 72 71 71 71 72 75 91"
"2026-09-23T15:47:20.604608063Z"," 68 68 68 67 68 68 68 69  77 70 68 69 68 68 68 69  74 72 70 69 69 69 69 69  80 78 76 72 72 69 69 69  76 77 76 73 70 70 69 66  77 78 75 73 72 71 70 65  77 78 76 73 72 71 73 72  72 72 71 71 72 72 76 90"
"2026-09-23T15:47:29.608115643Z"," 68 67 67 67 67 67 68 68  76 68 68 67 67 67 68 67  72 69 67 67 67 68 69 68  77 75 70 69 70 68 67 68  79 78 74 72 71 69 68 65  75 77 75 76 71 69 69 64  76 76 72 72 72 71 72 70  71 72 71 69 70 72 74 90"
"2026-09-23T15:47:41.570176181Z"," 68 67 68 67 68 68 68 68  76 68 67 68 67 68 68 69  69 68 68 68 69 69 69 69  69 69 69 68 69 68 68 68  75 73 72 72 70 69 69 66  76 72 69 75 72 70 69 64  68 69 68 72 72 71 72 71  68 68 68 69 70 73 75 90"
"2026-09-23T15:47:48.93037284Z"," 68 67 67 66 67 67 66 68  76 68 68 68 67 67 67 68  72 68 68 67 68 68 68 67  78 75 70 68 69 68 68 68  75 76 71 69 69 69 68 65  77 76 73 63 70 70 69 68  76 76 72 71 72 71 72 71  75 74 72 70 69 72 74 90"
"2026-09-23T15:47:58.93052052Z"," 69 68 68 68 67 68 68 69  76 68 69 68 68 68 68 68  73 71 68 68 68 68 69 68  78 78 74 70 70 69 69 69  76 77 75 72 71 69 68 68  77 78 75 65 71 70 70 68  76 77 74 71 71 72 72 72  72 72 70 70 71 72 74 90"
"2026-09-23T15:48:11.656766293Z"," 69 68 68 68 68 68 68 69  76 69 68 69 68 69 69 70  74 72 70 69 69 69 70 69  80 79 75 71 72 70 69 69  76 78 77 73 71 70 70 68  78 78 75 66 71 71 70 70  76 77 75 72 72 72 73 73  73 72 71 70 72 72 75 90"
"2026-09-23T15:48:20.764174452Z"," 69 69 68 68 68 68 68 70  77 69 69 68 69 68 68 70  73 72 69 68 69 70 69 69  79 78 75 72 71 70 69 70  76 77 76 72 71 71 70 68  78 78 76 66 72 72 71 69  77 77 75 72 72 72 74 73  72 73 71 71 71 74 76 91"
"2026-09-23T15:48:28.958551534Z"," 70 69 68 68 68 68 68 69  77 69 69 69 68 68 68 70  73 72 69 68 69 69 69 69  78 78 74 72 70 69 68 69  77 78 76 72 71 70 71 68  78 78 75 65 71 70 71 69  76 77 76 71 72 72 73 72  72 72 71 69 71 72 76 90"
"2026-09-23T15:48:38.966327571Z"," 68 68 68 67 67 67 68 69  77 69 68 68 68 68 68 69  72 71 68 68 68 68 68 68  78 75 72 69 70 68 68 70  74 77 74 71 71 70 68 68  77 78 72 64 71 71 70 69  76 77 74 71 72 71 72 72  71 71 70 69 71 72 74 90"
"2026-09-23T15:48:48.923242945Z"," 69 69 68 68 68 68 69 69  77 70 69 68 68 69 69 70  74 72 69 68 69 70 69 69  79 79 74 71 71 69 68 69  76 78 77 72 71 70 70 69  77 78 76 64 71 71 70 69  77 77 75 71 72 72 72 73  71 72 70 70 71 73 74 91"
"2026-09-23T15:48:58.935238269Z"," 69 68 68 68 68 68 68 69  77 69 69 68 68 68 68 69  73 71 69 68 69 68 69 69  79 78 75 71 70 69 68 69  76 77 77 71 71 70 70 68  77 78 75 65 71 71 71 69  76 77 75 72 72 71 72 73  72 73 70 70 71 73 75 90"
"2026-09-23T15:49:08.970379557Z"," 69 69 68 68 68 68 68 70  77 69 68 69 68 68 68 69  73 72 69 68 69 69 70 70  79 79 76 71 71 70 69 69  76 77 76 72 71 70 70 68  78 79 76 64 71 71 69 70  77 77 76 72 72 72 73 72  72 71 71 70 71 73 75 90"
"2026-09-23T15:49:18.97954837Z"," 68 69 68 68 68 68 68 69  77 69 69 68 68 67 69 69  73 71 68 68 69 68 69 69  79 77 75 71 70 70 68 69  76 77 76 71 70 70 70 69  77 78 75 65 72 71 71 69  77 77 73 72 72 72 73 72  73 74 73 69 72 73 75 90"
"2026-09-23T15:49:28.930603379Z"," 68 68 68 68 68 68 68 69  77 69 69 69 68 69 69 69  74 72 70 69 69 69 69 69  80 78 75 71 70 69 69 69  77 77 77 72 71 70 71 68  77 78 75 65 72 70 69 69  77 77 75 72 71 72 73 72  71 72 70 70 71 73 74 90"
"2026-09-23T15:49:38.971800141Z"," 69 68 68 68 68 68 68 70  77 69 68 69 69 68 68 69  73 72 69 68 70 68 70 68  79 77 74 71 71 70 69 69  76 78 76 72 71 70 71 68  77 79 75 65 72 71 71 70  77 77 74 72 72 72 74 73  71 72 72 72 71 72 76 90"
"2026-09-23T15:49:50.713921327Z"," 69 68 68 68 68 68 69 70  77 69 68 69 68 68 69 69  74 71 69 68 69 70 70 69  78 78 75 71 70 70 70 70  76 78 77 72 71 70 71 70  77 77 75 64 72 70 71 69  76 77 75 72 72 72 73 72  72 72 70 70 71 73 75 90"
"2026-09-23T15:49:58.93521788Z"," 70 69 68 68 68 68 70 69  77 70 70 69 68 69 69 69  73 72 70 69 70 70 70 69  79 79 75 72 71 70 69 70  76 77 77 72 71 71 70 68  78 78 75 66 72 71 72 69  77 77 76 72 72 72 73 73  71 72 70 70 71 73 76 91"
"2026-09-23T15:50:11.695217024Z"," 69 68 67 67 66 68 68 68  76 69 68 68 68 68 68 69  74 72 69 68 69 69 69 68  79 78 75 71 70 68 68 69  76 77 76 72 71 70 70 68  77 78 74 64 71 70 71 69  76 77 74 71 72 71 72 72  71 70 70 70 71 72 74 90"
"2026-09-23T15:50:19.110314128Z"," 68 68 67 68 67 68 68 69  76 69 68 68 68 68 68 69  73 70 68 68 69 69 69 69  77 76 72 70 70 69 69 69  77 76 73 71 70 69 69 69  78 77 73 64 71 71 71 69  76 76 72 71 72 72 72 72  73 73 73 70 70 73 74 90"
"2026-09-23T15:50:29.161131689Z"," 68 69 68 68 67 67 69 68  77 68 69 69 68 68 69 69  75 73 70 69 69 69 70 70  78 80 75 72 71 70 68 69  77 77 76 71 71 70 70 69  78 78 75 65 72 70 71 70  77 77 75 72 72 72 73 72  71 71 70 70 71 73 75 90"
"2026-09-23T15:50:39.518695717Z"," 68 69 68 67 68 68 68 69  76 69 68 68 68 68 68 69  73 71 68 68 70 69 69 68  78 78 75 71 71 69 68 70  76 77 77 71 71 70 70 69  77 79 75 66 71 70 71 70  77 78 75 72 72 72 72 72  71 72 71 70 71 73 75 90"
"2026-09-23T15:50:49.201501405Z"," 69 69 68 67 68 68 69 70  77 69 69 68 68 68 68 69  74 72 70 69 69 70 69 69  79 77 74 70 71 70 69 70  76 77 77 72 71 71 71 68  78 78 76 65 72 71 71 69  76 78 75 72 73 72 73 73  72 72 71 70 71 73 76 90"
"2026-09-23T15:50:59.256404492Z"," -- -- -- -- -- -- -- --"
"2026-09-23T15:51:30.695396241Z"," 68 68 67 68 67 68 68 70  76 69 68 68 68 68 68 68  74 71 69 68 69 70 69 68  79 78 74 70 70 69 69 70  76 77 76 72 72 70 69 68  76 77 76 65 71 71 70 69  77 77 75 70 72 72 72 72  71 72 71 70 71 72 75 89"
"2026-09-23T15:51:39.760669955Z"," 69 69 68 68 68 67 68 68  77 70 69 68 68 68 68 68  73 72 69 68 68 68 70 70  78 78 75 71 71 69 68 70  77 77 77 72 71 71 71 70  77 78 76 67 71 71 71 69  76 77 75 72 72 72 72 72  72 73 71 69 71 73 75 89"
"2026-09-23T15:51:51.678376519Z"," 68 68 67 68 68 67 68 68  77 69 68 68 68 68 68 69  74 71 68 68 68 68 69 69  78 76 73 70 70 69 68 69  76 77 73 71 71 71 70 68  77 75 73 64 71 71 71 70  76 76 74 72 72 70 73 72  71 70 70 69 71 73 74 90"
"2026-09-23T15:52:01.712872232Z"," 69 68 68 68 67 68 68 68  76 68 68 69 68 68 69 70  72 70 69 68 69 69 70 69  78 78 74 70 70 69 68 69  76 77 76 73 71 71 71 68  77 78 75 66 72 71 71 70  76 77 74 70 72 71 72 72  75 74 72 70 70 72 75 90"
"2026-09-23T15:52:10.151550479Z"," 70 69 69 68 68 69 68 69  77 69 68 69 68 68 69 70  74 71 69 69 69 70 70 70  79 77 72 71 70 69 69 70  77 77 76 72 72 71 71 70  77 78 75 68 72 72 72 71  77 78 75 72 73 72 74 72  71 71 71 70 72 73 76 90"
"2026-09-23T15:52:21.75990374Z"," 70 69 68 68 68 68 69 69  77 69 69 69 69 68 70 70  75 73 70 70 70 70 70 71  79 80 76 72 72 71 70 70  78 79 77 72 72 71 71 71  78 79 76 67 72 72 71 71  77 79 76 74 73 72 74 73  72 72 71 70 71 73 75 90"
"2026-09-23T15:52:30.184903717Z"," 68 68 68 67 68 68 68 69  77 69 68 68 68 67 68 69  74 70 68 68 68 68 69 68  77 74 72 71 70 69 69 69  76 76 75 71 70 71 70 69  75 74 74 65 70 71 71 70  73 72 70 72 72 72 73 72  70 68 68 69 70 72 75 90"
"2026-09-23T15:52:40.292755151Z"," 68 68 68 67 68 68 69 69  77 69 69 68 68 68 69 68  76 74 70 68 69 69 70 69  78 79 74 71 71 69 69 69  77 77 76 70 71 71 70 69  77 79 75 66 71 71 71 70  76 75 72 71 72 72 73 72  70 70 70 70 71 72 75 90"
"2026-09-23T15:52:50.29637828Z"," -- -- -- -- -- -- -- --"
"2026-09-23T15:53:57.231559046Z"," 69 69 68 68 68 67 69 70  77 69 69 69 68 69 69 70  75 72 69 69 69 69 69 69  79 76 73 71 71 70 69 70  77 77 75 72 72 71 71 70  77 78 76 68 71 72 72 71  76 77 75 72 72 71 74 73  71 71 70 71 71 73 75 90"
"2026-09-23T15:54:07.231495181Z"," -- -- -- -- -- -- -- --"
"2026-09-23T15:58:10.153169508Z"," 68 68 68 67 67 68 67 68  75 68 68 68 68 68 68 68  73 71 69 68 68 68 69 68  78 77 73 70 70 69 68 68  78 80 81 73 71 70 70 68  79 90101 85 73 70 70 70  78 78 77 76 72 71 72 71  73 73 71 71 71 72 71 83"
"2026-09-23T15:58:20.112291122Z"," 68 68 67 67 67 67 68 68  75 68 68 68 68 67 67 68  72 68 68 68 68 68 69 68  74 76 72 70 70 68 68 68  76 77 76 73 71 69 69 68  77 79 90 94 73 70 71 68  75 73 77 78 72 70 71 72  70 69 69 70 71 72 72 81"
"2026-09-23T15:58:30.113698071Z"," 68 68 68 67 67 68 68 69  76 68 68 68 67 68 67 69  74 71 69 68 68 69 68 69  79 77 73 70 70 69 68 69  75 78 77 73 71 70 69 68  78 79 89 96 75 70 70 68  77 79 81 80 74 70 72 71  72 72 71 71 71 71 72 82"
"2026-09-23T15:58:40.157000393Z"," -- -- -- -- -- -- -- --"
"2026-09-23T15:58:51.855204693Z"," 68 68 67 67 67 68 68 68  75 68 67 68 68 67 67 68  72 71 68 68 68 68 68 68  79 78 75 71 70 69 68 68  76 77 78 74 71 69 69 68  78 80 89 96 74 71 70 70  76 78 81 81 73 71 71 72  72 72 71 71 71 71 72 80"
"2026-09-23T15:59:03.089505923Z"," -- -- -- -- -- -- -- --"
"2026-09-23T15:59:16.166366383Z"," 68 68 68 67 67 67 68 69  76 69 68 68 68 68 68 69  74 72 70 69 69 69 69 69  80 79 76 72 71 69 69 69  76 79 79 77 72 70 70 68  79 80 92 99 76 71 70 70  77 79 79 87 75 71 72 71  73 75 74 75 72 72 71 81"
"2026-09-23T15:59:27.440674507Z"," 68 68 68 67 67 67 68 68  75 69 68 68 68 68 68 68  73 71 69 68 68 68 69 69  78 78 75 72 70 69 69 69  76 78 78 75 71 70 70 69  78 80 90 97 75 70 71 70  75 76 77 85 75 70 72 72  73 71 71 72 72 72 72 80"
"2026-09-23T15:59:40.207723055Z"," -- -- -- -- -- -- -- --"
"2026-09-23T16:00:28.2074536Z"," 67 68 67 66 67 66 67 69  75 68 67 68 67 67 67 68  73 71 69 67 68 68 68 68  79 77 73 70 70 68 68 69  75 77 77 76 71 70 70 69  77 80 90 95 74 70 70 69  77 77 77 86 74 70 71 72  73 75 75 74 72 71 71 79"
"2026-09-23T16:00:40.840471113Z"," -- -- -- -- -- -- -- --"
"2026-09-23T16:01:22.584055738Z"," 68 67 67 66 66 67 68 67  74 68 68 68 67 67 68 68  72 70 68 68 68 68 68 67  77 75 71 68 69 68 68 68  75 77 78 74 70 70 69 68  77 83 95 87 72 69 68 69  76 78 78 83 73 70 71 71  72 72 71 70 70 71 70 77"
"2026-09-23T16:01:32.547070956Z"," 68 68 67 67 67 67 67 68  74 68 67 68 68 67 68 68  73 70 67 68 68 68 68 68  77 73 71 70 70 68 68 69  74 74 75 72 71 68 69 69  76 77 78 81 73 69 68 69  75 72 80 90 75 69 70 70  70 70 70 72 71 70 70 78"
"2026-09-23T16:01:42.585210127Z"," 68 68 67 67 67 67 68 68  75 68 68 68 68 68 68 69  74 73 70 68 68 69 69 68  79 79 75 71 70 68 68 69  76 78 77 72 71 70 70 69  77 79 80 82 72 70 69 70  75 77 81 91 76 71 72 71  70 71 72 72 72 71 71 78"
"2026-09-23T16:01:52.984627522Z"," 69 68 67 68 68 68 68 69  76 70 69 68 68 68 68 69  73 72 70 68 69 69 69 68  79 79 75 72 71 68 69 69  76 78 77 73 72 71 70 70  79 79 80 82 73 71 70 70  77 79 83 92 77 71 72 71  73 74 74 76 72 71 72 77"
"2026-09-23T16:02:02.5502266Z"," 69 68 68 68 68 69 68 70  76 69 68 68 68 69 69 69  72 71 70 69 70 69 69 69  79 79 75 72 72 70 69 71  77 79 78 74 72 72 71 70  78 79 80 83 75 71 71 71  76 77 82 92 77 72 72 71  73 72 72 72 72 72 72 79"
"2026-09-23T16:02:12.584572609Z"," 69 68 68 68 68 67 68 69  75 68 68 68 68 68 68 69  72 71 69 68 69 69 68 69  78 78 75 71 70 69 69 69  76 78 77 72 71 70 70 69  78 79 80 82 74 70 70 70  77 80 82 91 77 71 71 72  73 75 75 77 72 71 72 77"
"2026-09-23T16:02:22.543411151Z"," 68 68 67 67 67 68 67 68  75 68 67 68 68 67 67 68  72 71 68 67 67 68 68 69  78 78 74 70 69 69 68 68  75 77 75 70 70 69 69 68  77 77 80 81 72 69 69 69  75 77 82 90 76 69 70 70  72 74 75 76 71 70 70 77"
"2026-09-23T16:02:32.735967277Z"," -- -- -- -- -- -- -- --"
"2026-09-23T16:02:54.281784606Z"," 66 67 66 66 65 66 66 67  74 68 67 67 67 66 67 67  72 70 67 66 67 67 68 67  78 76 72 68 69 68 68 68  75 77 75 71 70 69 68 67  76 78 77 79 72 68 68 68  76 77 79 91 75 69 70 70  72 72 71 72 69 69 71 76"
"2026-09-23T16:03:04.2325625Z"," 67 66 66 66 65 65 66 67  73 67 66 67 66 66 66 67  71 69 67 66 66 67 67 66  77 76 73 69 68 67 66 68  73 77 76 72 69 68 68 68  76 77 78 78 72 68 68 68  76 77 82 91 74 69 69 70  72 73 73 75 70 70 70 76"
"2026-09-23T16:03:14.280703625Z"," 67 68 66 67 67 67 67 68  75 68 68 68 67 68 67 67  71 69 68 68 68 68 68 68  77 77 73 69 70 68 68 69  76 78 77 74 70 70 69 68  78 77 77 79 72 69 70 69  77 78 84 92 76 70 70 71  73 75 75 75 72 70 70 77"
"2026-09-23T16:03:25.903447905Z"," 67 67 65 66 66 66 66 67  74 67 66 67 65 67 67 67  71 69 66 66 67 67 67 67  77 75 70 68 68 67 67 68  73 76 74 72 69 68 68 68  75 77 74 75 71 68 68 69  75 75 77 90 74 69 68 69  71 70 70 71 69 68 69 76"
"2026-09-23T16:03:34.653590683Z"," -- -- -- -- -- -- -- --"
"2026-09-23T19:53:47.405551976Z"," 74 75 74 74 75 76 77 78  76 75 75 77 77 77 78 78  77 76 76 77 78 79 79 80  77 76 77 78 81 84 83 85  77 77 78 83 96119107105  79 79 81 94183209203160  80 81 84110206216216210  83 83 86101188213217214"
"2026-09-23T19:54:02.390280075Z"," 75 74 74 75 75 77 78 80  77 75 76 76 77 77 80 80  76 75 76 76 78 80 81 82  76 75 76 77 80 83 86 90  76 75 76 79 83 97152161  76 76 77 80 87157192196  77 77 77 81 94170195199  80 77 78 81 88110174193"
"2026-09-23T19:54:12.352668763Z"," 74 74 73 73 75 77 78 79  76 74 75 76 76 77 78 80  74 74 74 75 76 79 81 81  76 75 74 76 78 81 84 88  76 75 75 77 81 95146154  76 75 76 78 86151185187  77 76 76 80 91164187191  77 77 77 80 86107168185"
"2026-09-23T19:54:22.393630123Z"," 73 74 73 73 74 75 76 78  76 74 74 75 74 76 77 79  74 74 74 74 76 78 80 81  76 76 75 76 78 81 83 86  80 79 79 79 80 93141149  79 81 80 79 85145177180  78 76 77 79 90158180184  77 77 76 80 86105162178"
"2026-09-23T19:54:32.349094863Z"," 73 73 72 73 74 75 76 77  74 72 73 74 75 76 77 78  73 72 74 74 75 77 79 81  74 73 73 74 77 78 82 86  74 74 74 76 80 90135143  75 74 75 77 82140170173  76 75 75 78 88152173178  79 77 77 79 83104158172"
"2026-09-23T19:54:42.348965243Z"," 72 75 73 74 75 76 77 77  74 74 74 74 75 76 77 78  74 73 74 74 76 78 79 80  75 73 73 75 77 79 81 85  74 75 73 76 79 90132139  76 74 74 77 82136164167  76 75 75 78 87148168171  77 75 76 77 83101153167"
"2026-09-23T19:54:52.424655069Z"," 74 74 73 74 75 75 76 77  76 74 74 75 75 76 77 78  74 73 73 74 76 78 78 78  75 75 74 75 77 79 81 85  75 75 74 77 79 89128135  76 75 75 77 82132159162  75 75 75 78 86144163167  77 75 74 77 82100149162"
"2026-09-23T19:55:03.717848819Z"," 74 74 74 74 74 75 76 77  75 74 74 75 75 76 78 78  74 74 74 75 76 77 79 80  76 74 74 75 77 79 82 84  75 74 74 77 79 88126132  76 75 75 77 82129154158  76 74 76 78 87140159162  78 75 76 78 83100145158"
"2026-09-23T19:55:12.360710528Z"," 73 73 73 73 73 75 75 78  75 73 74 74 74 75 77 78  73 72 73 74 75 77 78 79  75 74 73 74 77 78 80 83  73 73 74 75 79 87122128  74 74 74 76 81126150152  75 74 75 77 85136154157  77 74 75 77 81 99141153"
"2026-09-23T19:55:22.419021619Z"," 73 74 73 74 75 76 76 77  75 73 74 74 74 75 77 77  74 72 74 73 76 77 79 78  75 74 74 75 77 78 80 83  74 74 74 76 79 86120125  76 74 74 77 81123145149  76 74 75 77 85133150153  77 75 74 76 81 98139149"
"2026-09-23T19:55:32.346438866Z"," 73 73 73 73 74 74 76 77  74 73 75 74 74 75 76 77  74 72 73 73 75 77 77 78  74 74 74 74 77 78 80 82  74 73 73 76 78 85117122  76 74 73 76 80120141144  75 73 74 77 84130146148  77 75 75 77 81 97136145"
"2026-09-23T19:55:42.351544693Z"," 72 73 72 73 74 74 74 77  74 73 73 74 74 75 76 76  73 73 72 73 74 76 77 77  74 72 73 73 75 77 79 82  74 73 73 75 77 85114119  74 73 73 75 79117137141  74 74 73 76 83126142144  75 75 73 76 80 96133141"
"2026-09-23T19:55:52.745679935Z"," 72 72 72 72 73 74 74 77  74 72 73 74 74 74 75 77  73 72 73 73 75 76 77 77  74 72 73 74 76 77 79 81  73 73 72 75 77 83112117  75 73 73 76 80115135137  74 73 74 76 82123139140  76 74 73 76 79 95130138"
"2026-09-23T19:56:02.351371811Z"," 73 73 72 72 73 74 74 77  75 72 73 73 74 74 75 77  72 72 72 73 75 76 77 77  74 73 73 73 75 77 79 81  73 72 73 75 77 83111115  75 73 73 75 78112131134  75 72 73 76 81121135137  77 74 75 76 79 94128134"
"2026-09-23T19:56:13.817967252Z"," 72 72 72 72 72 72 74 75  73 72 72 72 73 74 75 76  72 71 72 72 74 75 76 77  73 72 72 72 74 76 77 79  72 72 72 74 76 82108113  73 72 72 75 78109129131  74 72 73 75 80119131133  76 73 73 74 78 92124131"
"2026-09-23T19:56:22.385606701Z"," 73 73 72 72 74 74 74 75  74 73 72 73 73 74 75 76  73 72 72 72 73 75 77 77  74 72 72 72 74 76 78 80  72 72 72 74 76 82107111  73 73 72 76 77108125128  75 72 72 75 81117130131  77 74 73 75 78 92122128"
"2026-09-23T19:56:32.350513932Z"," 72 72 72 72 73 74 73 75  73 72 72 72 72 73 74 75  72 72 72 72 74 75 76 77  73 72 72 72 74 76 78 79  73 72 72 73 75 81104108  74 72 72 74 77106124125  74 72 72 75 80115126129  76 73 73 75 77 91120126"
"2026-09-23T19:56:42.368343246Z"," 72 72 71 72 72 72 73 74  73 72 72 72 72 73 74 75  72 72 72 72 73 74 76 77  73 72 72 72 74 75 77 78  73 71 72 72 75 80103107  73 72 72 74 77105121123  74 72 72 74 79112124125  76 73 73 74 77 90118124"
"2026-09-23T19:56:52.391578739Z"," 71 72 71 72 72 72 73 74  72 71 72 72 72 72 73 74  72 72 71 72 73 73 75 76  73 71 71 72 73 75 77 79  72 71 71 72 74 80101104  73 72 72 74 76103118121  73 72 72 74 78110122124  75 72 73 74 77 90116121"
"2026-09-23T19:57:03.752736531Z"," 72 71 71 71 72 72 73 75  73 71 72 72 73 72 74 76  72 71 71 72 73 75 75 75  72 72 72 72 74 74 76 77  71 72 71 72 75 79 99104  72 72 71 73 76102115118  73 72 72 74 78109120121  74 72 73 72 77 89113119"
"2026-09-23T19:57:12.348264953Z"," 72 72 71 71 72 72 73 75  73 71 71 72 72 72 74 73  72 71 71 71 72 74 75 75  72 71 71 72 73 75 77 78  72 71 72 72 74 79 98102  73 71 71 72 75 99114117  73 71 72 73 78107118118  75 72 72 73 76 89112117"
"2026-09-23T19:57:22.384609206Z"," 71 72 71 72 71 73 72 74  72 72 72 72 72 72 74 74  72 71 72 72 73 73 74 76  72 72 72 72 74 74 76 77  72 72 72 73 74 79 98101  73 71 72 73 77 99112115  73 72 72 74 77106115117  75 72 72 74 76 88111115"
"2026-09-23T19:57:32.377882653Z"," 72 71 71 71 72 72 73 75  73 72 72 72 73 73 74 75  72 71 72 72 73 74 76 76  73 72 72 72 73 74 76 77  72 72 72 73 74 79 97 99  72 72 72 73 75 97111113  73 72 72 73 77105114115  75 72 73 73 76 88109114"
"2026-09-23T19:57:42.345836485Z"," 72 72 71 71 72 72 73 74  73 72 72 72 72 72 74 74  72 71 71 71 72 73 74 75  72 72 72 72 74 74 76 77  72 71 71 72 75 79 95 99  73 71 72 72 75 96109112  73 72 72 73 77104113113  75 73 72 74 76 86108112"
"2026-09-23T19:57:52.379708783Z"," 71 71 71 71 72 72 73 74  72 71 72 72 72 72 74 74  72 71 71 72 73 75 74 76  73 71 72 72 73 74 76 78  72 72 72 73 75 79 95 98  72 72 71 73 75 95108110  73 72 72 74 77102110112  75 73 72 74 76 87107110"
"2026-09-23T19:58:03.826642772Z"," 72 72 70 72 72 72 73 75  73 72 71 72 73 73 74 76  72 71 71 72 73 74 75 75  72 71 72 72 74 75 76 77  72 72 72 73 75 78 94 97  72 72 71 73 76 95106108  72 72 72 73 78101109111  76 73 72 73 76 87105108"
"2026-09-23T19:58:13.851405819Z"," 72 72 72 71 72 72 74 75  73 72 72 73 72 73 74 74  72 72 72 72 74 75 75 76  73 72 72 73 74 74 76 77  72 72 72 72 75 78 93 97  74 72 72 73 76 94105107  74 72 72 73 77100108109  75 73 72 74 76 85104107"
"2026-09-23T19:58:22.379398191Z"," 71 71 71 72 72 72 72 74  73 72 71 72 72 72 74 75  72 71 71 72 73 73 75 75  72 72 72 72 73 74 75 77  71 72 71 73 74 77 92 95  73 72 71 73 75 93104105  72 72 72 73 77 99106108  76 72 72 73 75 86103106"
"2026-09-23T19:58:32.344534459Z"," 72 72 70 71 72 72 73 75  72 72 71 72 73 72 73 74  71 71 72 72 73 73 75 75  72 72 71 72 73 74 75 77  72 72 72 72 74 77 91 93  73 72 71 73 75 92102104  72 71 72 72 76 98105107  75 72 72 73 75 85102104"
"2026-09-23T19:58:42.338731837Z"," 71 72 71 72 72 72 73 74  72 71 72 72 72 73 74 75  72 72 72 72 72 74 74 75  73 72 72 72 73 75 75 77  72 72 72 73 74 78 91 94  72 72 71 73 75 91101103  74 72 72 73 77 97104104  76 72 72 73 75 85101103"
"2026-09-23T19:58:52.383122515Z"," 72 72 70 72 73 73 73 74  73 72 72 72 72 73 74 73  72 71 71 71 72 73 73 74  72 71 71 72 73 74 75 77  72 71 71 72 74 77 90 92  73 71 72 72 74 90100102  72 72 71 73 77 96103104  74 72 72 72 75 84 99102"
"2026-09-23T19:59:03.795998917Z"," 71 72 71 71 73 72 72 74  73 71 72 72 72 73 74 74  72 71 72 72 74 74 75 75  72 71 72 72 73 74 75 77  72 71 72 72 73 77 89 92  72 72 71 73 75 90 99100  72 71 72 73 77 95102103  75 73 72 73 76 85100102"
"2026-09-23T19:59:12.794731847Z"," 71 72 71 71 72 72 72 74  72 72 71 72 72 72 73 74  72 71 71 71 72 73 74 74  72 71 71 72 73 74 74 76  72 71 71 72 74 77 88 90  72 72 71 72 74 89 98100  72 71 71 73 76 94101101  75 72 72 72 75 83 98100"
"2026-09-23T19:59:22.378040797Z"," 72 72 71 72 72 72 73 74  73 72 71 72 72 72 73 74  73 71 70 72 72 74 74 75  72 72 72 72 73 74 75 77  72 72 72 72 75 77 88 90  73 72 72 73 74 88 97 98  72 71 71 72 77 93 99 99  75 72 71 73 74 84 96 99"
"2026-09-23T19:59:32.346177283Z"," 72 71 70 71 72 72 73 72  72 71 71 72 72 72 73 73  72 71 71 72 72 74 74 74  72 72 71 71 73 74 74 77  72 71 70 72 74 76 87 90  72 71 71 72 73 88 95 97  72 70 71 72 75 93 99 99  75 72 72 74 74 82 95 98"
"2026-09-23T19:59:43.802100814Z"," 70 72 70 71 72 72 73 74  73 71 71 72 72 72 72 73  72 71 71 71 72 74 74 75  72 71 71 71 73 73 75 75  72 71 71 72 73 76 86 89  72 72 71 72 74 87 95 96  73 71 71 73 76 91 98 98  74 72 71 72 74 83 95 97"
"2026-09-23T19:59:52.388049764Z"," 71 71 71 71 72 72 72 74  72 72 72 72 72 72 72 73  72 71 71 72 72 74 75 75  72 71 71 71 73 73 74 76  72 71 72 72 74 76 86 88  72 71 71 72 73 87 95 95  74 71 71 72 76 91 97 97  75 72 72 73 74 82 95 97"
"2026-09-23T20:00:02.335411704Z"," 71 72 71 72 72 72 74 74  73 71 72 72 72 72 73 74  71 72 71 72 73 73 74 75  73 71 72 72 73 74 74 76  73 71 71 72 73 76 86 88  72 71 71 72 74 86 93 94  73 72 71 73 76 91 96 96  74 72 72 72 74 81 93 96"
"2026-09-23T20:00:12.34005607Z"," 72 71 70 71 72 72 73 73  72 72 71 72 72 72 73 74  72 71 71 71 72 73 74 74  72 71 72 72 73 73 73 75  72 71 70 72 73 76 85 87  72 71 72 72 74 86 92 95  72 71 71 72 75 90 95 95  74 72 71 72 74 81 92 94"
"2026-09-23T20:00:22.394832025Z"," 71 71 70 70 71 72 72 73  72 70 70 72 71 71 72 73  71 70 70 70 72 72 73 73  71 70 71 70 72 73 74 74  71 70 70 72 72 75 85 86  72 70 70 72 72 84 91 93  72 70 70 72 74 88 94 94  74 72 71 72 73 81 91 94"
"2026-09-23T20:00:33.860819892Z"," 72 71 71 71 72 72 72 74  72 71 72 72 73 73 73 74  72 71 71 72 73 72 74 75  73 72 72 72 73 74 74 76  72 72 72 72 74 76 85 86  73 71 71 72 74 85 91 94  72 71 71 73 76 88 94 94  74 71 72 73 74 81 93 93"
"2026-09-23T20:00:42.358808488Z"," 72 72 69 70 71 72 72 73  72 72 71 72 72 72 73 74  72 71 71 72 72 72 74 74  72 71 72 72 73 73 75 75  72 71 71 72 74 76 84 86  73 71 71 72 74 84 91 91  72 71 71 73 75 88 93 93  76 71 72 72 73 81 90 93"
"2026-09-23T20:00:52.486663576Z"," 72 72 71 72 72 72 73 73  73 72 72 72 72 72 74 74  72 72 71 71 73 73 74 74  72 71 71 72 72 73 73 76  72 72 71 73 74 76 84 86  73 71 70 73 73 85 90 91  72 71 72 73 75 88 93 93  75 72 72 73 72 80 90 92"
"2026-09-23T20:01:02.342189435Z"," 71 72 70 71 72 72 73 74  73 71 72 72 72 72 74 74  72 71 71 72 72 74 74 74  72 71 71 72 72 73 74 75  72 71 71 72 74 75 83 85  72 71 71 72 72 84 89 91  72 71 71 72 76 87 91 92  74 71 71 72 74 81 90 91"
"2026-09-23T20:01:12.333066926Z"," 71 70 70 70 71 72 72 72  72 70 71 71 71 72 72 73  71 71 70 70 72 73 72 73  72 71 71 71 72 72 73 75  72 71 70 72 73 75 83 84  73 71 70 72 73 83 88 90  72 70 70 72 74 86 91 90  74 71 71 72 73 81 89 90"
"2026-09-23T20:01:22.37530847Z"," 71 71 70 70 71 71 72 73  72 70 71 71 71 71 72 73  71 70 70 71 72 73 72 73  72 70 70 71 72 72 73 75  72 71 71 72 72 74 82 85  72 71 71 72 72 82 88 89  72 70 70 72 73 86 89 90  74 71 71 72 73 80 87 90"
"2026-09-23T20:01:32.340650615Z"," 71 71 70 71 71 72 72 73  72 71 70 71 72 72 73 73  72 71 71 72 72 73 74 73  72 71 71 71 72 73 73 75  72 70 71 72 73 74 81 84  72 72 70 72 73 82 87 89  72 71 71 72 74 86 90 89  74 71 71 72 72 80 88 89"
"2026-09-23T20:01:42.337228389Z"," 71 71 71 69 72 72 72 73  72 71 72 71 72 72 73 73  72 71 70 71 72 73 73 74  72 72 70 71 72 73 74 75  72 70 71 72 73 75 81 84  72 71 71 72 73 82 87 88  72 72 71 72 74 86 89 90  74 71 72 72 73 79 87 89"
"2026-09-23T20:01:52.844695294Z"," 71 72 71 72 71 72 72 74  73 72 72 72 72 72 73 74  71 71 71 72 73 73 74 74  73 72 72 72 73 74 74 77  72 71 72 72 74 75 82 84  72 72 71 72 74 82 88 89  72 71 71 72 75 85 89 89  74 72 72 72 73 80 88 88"
"2026-09-23T20:02:02.480067043Z"," -- -- -- -- -- -- -- --"
"2026-09-24T00:24:30.667262375Z"," 76 75 75 75 76 77 77 77  77 76 76 76 76 77 77 77  74 76 76 76 77 77 78 78  77 75 77 76 77 77 77 79  76 76 76 77 77 78 81 94  76 76 75 77 77 80 85 89  76 75 76 77 78 79 92 87  77 77 76 76 76 78 83 83"
"2026-09-24T00:24:45.596399306Z"," 77 77 75 75 74 75 76 76  81 81 81 78 75 75 75 76  79 81 81 78 75 75 77 76  77 76 76 75 75 76 77 79  74 73 73 74 76 78 86 87  74 74 73 74 75 82 97 99  75 74 73 74 76 80 92 94  75 75 75 76 74 77 81 85"
"2026-09-24T00:25:00.207633174Z"," 77 77 76 73 73 73 73 74  77 78 78 76 73 73 75 75  72 73 72 73 73 75 76 76  74 73 73 73 74 74 78 80  73 72 72 73 75 81 94 95  73 72 72 73 75 88100 98  73 71 72 74 75 84 98 99  73 73 73 73 73 77 84 86"
"2026-09-24T00:25:12.61018218Z"," 74 73 72 73 74 73 74 76  74 73 74 74 74 75 75 76  74 75 73 74 74 76 76 77  80 80 79 78 75 77 81 81  79 78 79 78 76 86100101  81 79 79 78 77 96111109  79 78 79 78 77 90106108  79 81 77 75 77 80 90 95"
"2026-09-24T00:25:21.615061731Z"," 72 73 72 72 74 74 74 76  74 73 73 73 74 75 75 75  71 72 73 73 74 75 76 76  74 74 73 73 75 75 76 78  73 73 73 74 76 78 91 94  74 74 73 74 76 89108109  76 76 77 77 77 90110113  79 79 80 76 73 81 99104"
"2026-09-24T00:25:30.620235536Z"," 72 72 71 71 72 72 74 75  72 72 72 72 72 73 73 74  71 72 71 71 73 74 75 74  73 72 72 72 73 74 76 77  72 71 71 72 74 77 95 99  72 72 71 72 75 91115117  72 72 71 72 75 95121122  73 73 72 72 72 82104107"
"2026-09-24T00:25:40.251290632Z"," 72 74 72 72 73 74 75 76  74 74 74 73 73 74 75 76  72 72 73 73 74 76 77 77  74 73 73 73 75 76 78 80  73 73 72 74 76 81104108  73 73 74 74 77 98126128  73 73 73 74 77101132133  75 74 74 74 75 86112115"
"2026-09-24T00:25:50.206227235Z"," 74 74 74 73 74 75 76 77  74 74 74 75 74 75 77 77  73 73 74 74 75 77 77 78  75 73 74 74 75 77 81 82  74 73 73 76 77 84110116  74 74 74 75 78104136139  75 74 74 77 79107142143  76 75 75 75 78 90118122"
"2026-09-24T00:26:00.206983993Z"," 78 79 77 79 78 80 80 81  79 79 79 79 80 81 81 81  77 78 79 79 81 82 82 83  79 79 80 80 82 84 86 88  80 79 79 81 82 91122126  80 80 79 81 84114149153  79 78 80 81 85118154156  79 80 79 79 82 97129133"
"2026-09-24T00:26:10.245684962Z"," 75 75 75 75 77 77 78 78  76 76 76 77 77 77 79 80  74 75 76 77 77 78 81 81  76 76 76 76 77 80 83 86  75 76 76 77 81 89125131  76 77 75 78 81117158160  77 76 76 78 82121161163  77 77 77 77 79 97133136"
"2026-09-24T00:26:27.618731799Z"," 85 85 85 84 86 87 88 90  85 85 86 86 87 88 89 90  84 86 86 87 88 90 92 94  87 87 88 89 90 93106115  91 91 92 92 92108158162  91 93 93 93 93132175179  91 94 93 93 94122168173  90 91 91 87 90100132143"
"2026-09-24T00:26:35.237997402Z"," 73 75 73 74 74 76 77 78  75 74 74 74 74 75 77 77  74 74 74 74 76 77 77 80  75 73 73 74 76 78 92101  74 73 74 75 77 95135 89  74 74 74 75 77122 98 62  74 73 74 77 79110113 65  76 75 75 75 77 86115115"
"2026-09-24T00:26:45.202173127Z"," 73 73 73 72 74 75 75 76  73 72 73 74 74 75 76 77  73 73 73 73 74 77 78 79  74 73 73 74 76 78 94101  73 74 73 75 77 98140 89  74 73 73 74 77126102 63  73 72 73 75 79113117 67  75 73 74 75 77 87119117"
"2026-09-24T00:26:55.199553641Z"," 73 74 73 73 74 75 77 78  75 74 75 75 75 75 77 77  74 73 73 74 76 77 78 81  75 74 74 75 76 80 95104  74 73 74 76 78101142 91  75 75 74 76 78130105 66  75 74 74 76 80117121 71  76 75 75 77 79 89124123"
"2026-09-24T00:27:05.243028784Z"," 74 75 74 74 75 76 77 78  75 75 75 75 76 77 78 79  74 74 74 75 76 78 80 81  76 74 75 75 77 80 96105  74 74 75 76 78102145 94  74 74 74 77 79132108 69  75 74 75 77 80120124 72  75 76 76 77 78 90126126"
"2026-09-24T00:27:15.203268245Z"," 76 77 76 77 77 78 79 81  77 77 77 78 77 79 79 81  76 77 77 77 78 80 82 84  77 77 78 78 80 83 99108  76 76 77 79 81105149 97  76 76 77 78 82137112 72  77 76 77 79 84124128 77  77 78 77 79 81 93131128"
"2026-09-24T00:27:25.198299744Z"," 73 74 73 74 75 76 77 77  74 72 74 74 74 76 77 78  74 73 73 75 76 78 80 82  75 73 74 74 77 81 99106  74 73 74 76 78104149 96  74 74 74 76 79136113 72  74 73 75 77 81124130 76  75 74 75 76 80 91132129"
"2026-09-24T00:27:35.675681453Z"," 79 81 80 80 81 82 83 85  81 80 81 81 82 82 85 85  80 81 81 82 83 85 86 88  81 81 81 82 84 88105114  80 81 81 83 86111158108  82 81 81 84 88144126 86  81 81 81 83 88132140 86  82 81 81 82 86 98140137"
"2026-09-24T00:27:47.647725254Z"," 75 77 76 75 76 77 78 81  76 76 76 76 77 78 81 81  76 75 76 76 78 80 82 85  77 76 77 77 80 84103111  76 76 76 78 81108159111  77 75 77 78 82144130 90  77 77 77 79 83131144 90  77 77 77 78 82 95140138"
"2026-09-24T00:28:00.198361588Z"," 80 80 79 79 80 81 83 85  80 80 81 81 81 82 85 84  79 80 80 80 82 85 86 89  80 80 80 81 84 88108117  79 80 80 82 86114168124  80 80 80 83 87151143107  80 79 80 83 87138156106  81 81 81 82 86101149147"
"2026-09-24T00:28:10.236526974Z"," 76 76 75 76 76 78 80 81  77 76 76 77 77 78 81 82  76 76 77 77 79 81 83 86  76 76 76 77 80 86106116  77 75 76 79 82113170127  77 76 76 78 84150146111  77 76 77 79 84137158111  77 77 77 79 82 99149149"
"2026-09-24T00:28:27.762675466Z"," 83 84 83 84 86 86 88 90  84 84 85 86 86 87 89 91  84 84 84 86 87 90 92 95  85 85 85 86 90 95116126  84 85 86 88 92123181141  84 85 86 89 93161161127  86 85 86 89 94148172128  86 85 85 87 91108160161"
"2026-09-24T00:28:35.232909089Z"," 78 79 78 78 80 81 82 84  79 78 79 80 80 82 85 86  79 78 80 81 82 85 88 90  79 79 80 81 84 90113124  80 80 80 82 86120181142  80 80 81 83 88161161130  81 80 81 84 89147173129  81 80 81 82 87104161161"
"2026-09-24T00:28:45.195643832Z"," 77 77 77 77 77 80 81 82  77 77 78 78 78 81 83 84  77 77 77 78 80 83 87 89  79 77 78 79 82 89113124  78 77 78 81 85120185144  78 78 78 81 86162165132  78 77 79 81 88149176132  79 79 79 81 86104163164"
"2026-09-24T00:29:00.186109506Z"," 82 83 82 83 85 86 87 90  83 84 84 85 86 87 90 92  83 83 85 85 87 90 94 96  84 83 85 86 89 96121133  83 84 85 88 92129196157  84 85 85 88 94172176145  84 84 85 89 95158188145  84 84 85 87 92112173174"
"2026-09-24T00:29:10.238595599Z"," 79 79 79 80 81 83 85 86  81 80 81 81 83 84 87 87  80 80 80 81 84 87 91 94  81 81 81 83 86 94120133  82 82 82 85 89128198158  81 83 82 86 91173178146  82 82 83 86 92159190148  84 83 85 86 90111175177"
"2026-09-24T00:29:20.19159305Z"," 77 78 76 77 79 80 81 85  78 77 78 79 79 81 85 85  77 77 77 78 81 84 89 91  77 78 78 79 83 91119132  78 78 79 81 86127201160  79 79 79 81 89175179148  79 78 80 82 90160193149  80 81 82 83 89110177179"
"2026-09-24T00:29:31.716729255Z"," 77 78 77 78 80 81 82 84  78 78 78 78 80 81 85 86  78 78 78 79 82 86 89 93  80 78 80 80 84 92121135  80 79 80 83 88129205165  83 82 82 84 90178183150  83 82 82 84 91163197153  82 83 83 83 88112181183"
"2026-09-24T00:29:42.770909941Z"," 81 81 78 77 79 81 84 85  81 80 80 80 80 82 85 86  78 78 78 79 81 86 90 94  79 78 78 80 85 93124138  79 79 79 82 87132210168  79 79 81 83 90181187154  79 79 81 83 91166202157  80 80 80 83 90114185188"
"2026-09-24T00:29:55.184113683Z"," 86 87 86 87 88 91 93 95  86 88 88 89 90 93 94 97  86 91 90 90 92 96100104  92 94 95 93 96104134149  90 90 90 93 98143223180  88 89 90 93101193197164  89 88 90 94102176212167  89 89 89 92 99123197200"
"2026-09-24T00:30:05.698278066Z"," 87 89 88 90 91 93 95 97  87 89 90 91 92 94 97 99  83 89 90 92 94 99103106  89 90 91 93 97106138153  89 90 92 95101146228185  92 94 95 96103197201167  94 95 97 97103181216170  91 92 92 95 99125201203"
"2026-09-24T00:30:15.222868655Z"," 85 86 84 86 87 89 91 94  83 85 86 86 87 90 93 95  79 85 86 87 90 95 99104  86 86 86 89 93103135153  86 86 87 91 96144229184  86 87 88 92100197201167  89 88 90 94100181216170  90 90 91 92 98124202206"
"2026-09-24T00:30:26.671419756Z"," 83 82 81 82 84 86 89 90  82 82 83 84 85 88 91 93  85 86 84 85 88 92 97101  87 88 89 87 90100135153  86 87 88 90 95144232185  86 87 89 90 96198203167  87 87 87 89 97181218171  86 84 88 87 95122203207"
"2026-09-24T00:30:35.218625332Z"," 88 89 88 88 90 91 93 96  90 93 92 91 91 93 96 98  91 93 94 93 93 98103106  89 89 90 91 97107141159  88 89 90 94101150239192  88 90 90 94103204209172  88 89 91 95103187225176  88 89 90 93100128210214"
"2026-09-24T00:30:45.186704379Z"," 80 78 77 77 77 81 83 86  81 81 81 79 78 81 85 86  78 80 80 79 80 86 92 96  77 77 77 79 84 95133153  77 77 77 81 88143236187  77 77 78 81 91199205167  77 77 79 83 93182222171  78 80 80 83 91120207212"
"2026-09-24T00:30:55.188912292Z"," 81 82 79 75 78 81 83 85  80 82 82 80 79 82 86 87  76 77 77 78 80 87 92 96  77 77 77 79 85 95136155  77 77 77 81 89144239190  77 77 78 82 92202208168  78 77 78 82 93184224173  79 79 79 83 91122210215"
"2026-09-24T00:31:10.215416735Z"," 86 87 87 88 90 92 95 97  87 87 88 90 91 95 98 99  86 87 88 90 93 98104108  88 88 89 91 97109147166  87 88 90 94101155250201  88 89 90 95104213218178  88 88 91 95105195234184  89 89 90 94103133221226"
"2026-09-24T00:31:20.179094265Z"," 86 86 86 87 89 93 96100  87 86 87 88 91 96102105  87 87 89 90 95104112119  91 91 91 93101121175186  93 94 97 99111217250260  93 96 99103122251257264  94 95 99103120247262271  95 98 98103113161217210"
"2026-09-24T00:31:30.182100084Z"," 81 81 81 81 84 86 88 91  81 81 81 83 84 88 92 94  82 81 82 83 87 94101107  85 85 85 87 92107165182  86 88 90 92 98180250221  87 90 91 92100230213194  87 89 92 93101203180189  87 90 90 91 97121182200"
"2026-09-24T00:31:40.222309196Z"," 83 83 83 84 86 88 91 93  84 84 85 85 87 90 94 96  84 84 86 86 90 95101103  89 90 90 91 95107124131  89 91 94 95101175250252  90 94 96 95112251205198  90 92 95 95113242196191  91 93 91 94108174228213"
"2026-09-24T00:31:50.176659152Z"," 82 83 83 84 86 89 91 93  83 84 84 86 86 90 94 96  84 85 86 86 90 96101103  88 90 91 91 95107124131  90 91 95 96103176250247  91 94 97 98113251222213  91 94 97 98114248215222  91 93 93 95109178242233"
"2026-09-24T00:32:00.179597132Z"," 82 83 82 83 85 89 91 93  84 82 83 84 87 90 95 96  82 84 84 86 90 96102105  88 89 90 91 95110147146  89 89 90 93102201250230  90 93 95 95112251207198  90 91 94 94113244214207  90 91 90 93106160235222"
"2026-09-24T00:32:11.768036947Z"," 88 88 85 84 88 92 94 97  89 89 90 90 90 93 98 99  88 88 89 90 93100105108  87 87 89 91 99113150148  86 87 90 93105204251230  86 88 90 95115251207196  87 89 90 95115247214200  87 87 89 95108162239224"
"2026-09-24T00:32:20.170641246Z"," 95 96 96 93 95 98100103  91 95 96 95 97 99103105  92 93 94 95100107111115  92 93 95 98105120155153  93 94 96101111209251235  93 95 98102122252211198  93 94 97102121252218202  94 94 95100114168246231"
"2026-09-24T00:32:30.172412438Z"," 91 93 92 94 95 99102105  92 93 94 95 97101105108  93 95 95 97100108114118  99100100101106122165164  99101104105113208251245 100103106107121245227240  99102104106122247263260 100100102102111167253252"
"2026-09-24T00:32:40.219942391Z"," 81 81 81 81 84 87 89 93  81 81 81 82 84 87 93 96  81 82 82 83 88 95101105  83 83 86 88 93109145145  87 89 89 93101198251243  90 90 91 94111252215201  88 92 94 95112247223210  90 90 92 91103167249237"
"2026-09-24T00:32:52.803101528Z"," 79 80 80 80 83 86 89 92  80 81 80 81 84 88 92 95  80 80 81 83 87 94100104  82 82 85 88 92108144144  86 87 89 92100197251240  88 89 90 92110252206195  87 89 93 94111248217203  87 89 90 90102167250238"
"2026-09-24T00:33:05.80446067Z"," 85 84 83 85 88 91 95 97  86 86 86 86 89 93 99102  90 90 91 89 91100108112  90 92 94 93 99115149152  91 94 96 99108202251261  92 94 97 99117252258263  91 93 94 97119259241252  89 90 94 99111180236244"
"2026-09-24T00:33:15.194707726Z"," 76 77 76 77 79 82 86 88  78 77 77 78 81 84 89 91  82 81 80 79 84 91 98102  83 84 85 84 90105137140  83 84 87 90 98192249244  84 86 90 90108252209212  85 85 85 90110254225221  89 83 83 87101175261252"
"2026-09-24T00:33:30.171259189Z","135137139144152193267282 133136139144153198258268 132135139144153172252262 132136140145155175203234 134137141148161192252262 138142145153167233259266 140142147153166225264274 138140145147156194275294"
"2026-09-24T00:33:40.214137076Z","120122123128138178268283 119122124131139184259269 118122124129139157252263 120122125130140159187219 123125127134146177253263 126128131138150214260267 125128133138149206265275 125125130132141178252295"
"2026-09-24T00:33:51.74665318Z","123124125129137176268283 123124126131139180260269 119123126131139155253264 120123126131140158183213 121124128133144173254264 125128131137149207261268 127130134140148201266275 128130132135145173242294"
"2026-09-24T00:34:00.204344069Z","103104105109118156268279 104104106110118162260270 106105107110117135236264 104105107111119137163194 102103106111123152253264 107109112116127186261268 110111115122128180266275 111112115119128155221269"
"2026-09-24T00:34:10.210187943Z","108109110114122157261273 108108112116122162260270 109111113117122139233264 110111113117124141165192 108109113118128155248264 112116118122131184261268 115117120125133178266275 115117117120127153213258"
"2026-09-24T00:34:20.170867301Z","102102104108114149251261 103103104109116154252261 104104106109115131222257 104104106109116133156183 101103105109120145234264 105108108113123174261268 108110112114124167266276 108109111112116145202245"
"2026-09-24T00:34:31.759614491Z","104105106109117149245256 105105107111118154247255 107107108111117131219251 106107109112118134155180 104105108112122146228265 105108111115124171261269 110111115116124166267276 109111113114116144197235"
"2026-09-24T00:34:40.204170668Z"," 95 95 96100108140234243  95 95 97101108144237244  96 97 98100106122207239  98 98 99101108123145170  95 96 98102111135213265  98100101104113158262269 101103105108114155266276 102103104109111134185221"
"2026-09-24T00:34:50.178756896Z"," 85 85 86 89 96128221231  86 84 86 89 97132225232  87 86 86 89 95110196227  87 86 87 89 96112133158  83 84 85 89 98123199256  89 91 89 92100146261268  92 92 94 95102142266276  92 93 93 94 96122171206"
"2026-09-24T00:35:05.216440155Z"," 98 98 99103108137222231 101100100104109141225232 100101103104108122199227 100 99102104111124143164  97 99100104113133200250 102104104108114153261268 103105107108115149266276 104105107107108131173203"
"2026-09-24T00:35:16.787520093Z"," 89 89 90 92 99127211220  91 90 90 94 99132215221  91 91 91 94 99112189216  90 90 90 93100114133154  87 88 90 93101123188235  92 93 92 95103141261268  95 95 97 97104138266275  95 95 95 95 98121162190"
"2026-09-24T00:35:25.165133097Z"," 91 93 91 94101128208216  94 93 93 96102132212219  95 95 95 97101114187214  97 98 99 98104116134153  95 98 99100105125185229  95 97 99102105141261266  95 97 96102106137266275  93 94 96 95100121160187"
"2026-09-24T00:35:35.821413006Z"," 90 90 90 93 99125203211  93 91 92 94 99129207213  92 93 93 95 99112182209  95 97 97 96101114131150  95 96 99 98103122179220  94 97 99 99103138257256  95 96 98 98104134256268  94 94 97 96 98119156182"
"2026-09-24T00:35:45.166252348Z"," 88 88 88 91 97122198206  90 90 90 92 97126201208  90 90 90 92 96109177203  87 88 88 91 98110127146  90 92 92 93 99118173212  91 92 91 94 99133247245  87 88 87 93100130247257  89 88 88 90 96116151175"
"2026-09-24T00:36:00.169813Z"," 87 87 87 90 95119191199  90 88 89 92 96123195202  90 89 90 91 95107172196  87 89 89 90 96109125142  90 90 90 91 97116166202  90 91 92 93 98130234231  91 90 92 92 99126234243  91 93 91 91 95113145167"
"2026-09-24T00:36:10.209930989Z"," 78 78 78 81 86111182189  79 77 77 81 86114185192  80 79 79 80 85 97163188  81 79 80 81 86 99116133  77 77 77 80 87106154190  77 75 77 80 87119221218  77 76 77 81 89117221230  77 78 77 80 85103136157"
"2026-09-24T00:36:27.806733626Z"," 86 86 87 90 95117183189  87 86 88 91 95120186193  86 86 87 89 95106165188  86 86 87 89 96108122137  85 86 86 90 97113157187  85 86 86 90 97124216213  85 86 86 90 98121217225  86 86 87 89 93109138157"
"2026-09-24T00:36:35.214506858Z"," 85 86 85 88 93115179186  85 86 86 90 94118182189  86 85 86 88 93104162185  89 87 88 89 95106120135  90 89 89 90 96112153182  89 89 87 89 95122211207  87 86 86 90 97120211218  85 86 86 88 93108135154"
"2026-09-24T00:36:45.173625345Z"," 85 86 86 88 93114177183  85 86 86 90 94117180186  84 85 86 89 93104160181  85 85 86 89 95106119134  84 85 86 89 95111150177  85 86 86 89 95121205201  86 86 86 90 97119204211  88 87 88 89 92108133150"
"2026-09-24T00:36:56.869818474Z"," 82 83 83 84 89111172178  81 83 84 86 90114175181  81 82 83 85 90101156176  82 82 83 85 92102116131  81 82 82 86 92108144171  82 82 82 86 93117198194  82 83 83 87 94115198204  83 82 84 86 89104130145"
"2026-09-24T00:37:06.796950655Z"," 80 80 81 83 87107167173  80 80 81 83 87111170176  79 80 81 83 87 98152172  81 81 81 83 89 99113127  84 84 83 85 90104140165  86 87 84 86 90113190186  87 88 86 86 91112191197  86 85 82 83 86101126141"
"2026-09-24T00:37:15.168268413Z"," 76 76 76 82 85 87 93100  76 75 77 80 81 84 86 90  75 75 76 77 80 82 84 87  75 75 76 77 77 79 81 84  74 74 74 76 77 78 81 82  73 75 73 74 75 77 78 81  74 74 74 74 74 77 78 81  76 75 75 74 75 84 79 80"
"2026-09-24T00:37:25.181609235Z"," 79 81 80 82 88108162168  80 80 81 83 88112167171  79 79 81 82 87 98151167  80 80 80 83 89 99112125  79 79 80 83 90104134156  81 80 80 84 89110181177  81 80 81 84 91109182186  85 84 84 83 86100123137"
"2026-09-24T00:37:35.210304471Z"," 77 79 79 81 85105159164  79 78 79 81 86110163167  77 77 79 80 86 95147164  78 78 79 81 87 97109123  77 78 78 81 87100130151  78 77 78 81 86108175171  78 77 78 81 88107176180  78 78 79 81 85 98119132"
"2026-09-24T00:37:45.161978679Z"," 79 80 80 81 87106158163  80 80 80 83 87109162166  80 79 80 82 86 96147162  79 80 80 81 88 98109123  78 79 80 82 89102129149  80 79 79 82 87108172168  80 79 79 82 90106173177  79 79 80 81 85 99118131"
"2026-09-24T00:37:55.162224484Z"," 79 78 79 81 86104155160  79 79 80 82 86109159163  79 79 79 81 85 95144159  79 78 79 81 87 97108121  78 78 79 81 87100126145  78 78 78 81 87106167164  79 78 79 82 89106169172  79 79 79 81 85 98117129"
"2026-09-24T00:38:05.221518612Z"," 78 78 78 81 85103153158  79 78 81 82 86108157162  78 79 79 81 85 95143158  79 79 79 81 87 96107120  77 78 79 81 87 99124143  78 78 78 81 86105164160  79 77 78 81 89104165168  79 79 79 81 84 97115126"
"2026-09-24T00:38:15.166895419Z"," 78 78 78 80 84102150155  79 79 79 81 85106153158  78 78 78 80 85 94140155  77 77 78 80 86 95106119  77 78 78 81 86 99122140  77 77 77 81 85104160157  79 77 77 81 87102160164  78 78 78 80 83 95113125"
"2026-09-24T00:38:26.819038251Z"," 81 81 80 82 86104151155  81 80 81 84 87108154158  80 81 80 83 86 96141155  80 80 81 84 89 97108120  79 79 80 83 89100123139  80 81 81 82 88105158155  81 79 81 84 90104159162  80 80 80 81 86 98114125"
"2026-09-24T00:38:35.205295822Z"," 79 80 80 82 86103148153  80 79 81 83 86106151155  80 79 81 83 86 95139152  81 80 81 82 88 96107118  84 83 82 84 88100120136  82 81 82 84 86103154151  80 79 80 83 88103155158  81 81 79 81 84 96112122"
"2026-09-24T00:38:45.168255828Z"," 79 78 79 81 84101145149  80 79 80 81 85104149153  78 77 79 81 85 93136149  78 78 78 81 86 95105116  77 78 78 81 86 97118133  78 77 77 80 85102151148  79 77 78 82 87101152155  80 79 79 80 85 95110120"
"2026-09-24T00:38:55.164695042Z"," 79 79 79 81 85101144149  80 79 80 82 86105147152  78 79 79 81 84 94135149  78 79 79 81 87 95104116  77 78 80 81 86 97117132  78 79 78 81 85100148145  79 78 78 82 86101149152  81 80 80 81 84 95110119"
"2026-09-24T00:39:06.83149298Z"," 82 81 81 82 87102144149  82 81 82 85 88105147151  86 83 83 84 87 95136148  85 84 85 86 89 97106116  81 82 82 85 89 99118132  81 81 80 84 88103148145  81 80 80 84 89102147151  82 81 81 82 85 96110119"
"2026-09-24T00:39:15.157855591Z"," 84 82 78 79 85100142147  86 84 84 84 85104144149  83 83 83 83 86 94133146  80 80 80 82 87 95104115  78 79 80 83 87 98115129  79 80 80 82 86101144141  80 78 79 82 87100144147  81 80 79 81 84 95108116"
"2026-09-24T00:39:26.89131908Z"," 81 80 80 81 84 99140144  83 82 81 83 86103142147  83 82 81 83 85 93131143  81 80 80 82 86 95103113  78 79 79 81 87 97114127  78 79 78 82 86100142139  79 79 78 82 87 99142145  80 80 78 81 83 94107115"
"2026-09-24T00:39:35.200416783Z"," 79 80 78 80 84 98138142  84 82 80 82 84101140144  82 82 82 82 84 92129141  81 79 80 82 86 93102111  77 77 78 80 85 95112124  79 77 77 81 84 98138135  78 77 77 81 86 97139141  79 78 78 80 82 92105113"
"2026-09-24T00:39:45.157903931Z"," 79 80 80 81 85 99136141  80 79 80 81 86102139144  79 79 79 81 85 93129140  79 79 80 82 86 95102112  78 78 79 81 86 97112123  79 79 78 81 85 99137134  79 78 79 81 87 97137140  80 79 79 81 84 93106112"
"2026-09-24T00:39:55.159257309Z"," 81 78 74 76 82 97134138  84 81 80 81 84100137140  81 81 80 81 83 90127138  79 78 78 80 85 92100110  77 77 77 80 85 94109121  77 77 77 80 85 97134131  77 77 77 80 86 96134137  77 77 77 79 81 91103110"
"2026-09-24T00:40:05.877858777Z"," 77 77 77 78 82 96132136  78 78 78 80 83 99135139  78 78 78 79 82 90126136  81 80 81 81 85 91 99108  80 78 77 80 84 93108119  77 77 77 78 82 95131128  77 76 76 79 85 95132135  77 77 77 78 81 90102108"
"2026-09-24T00:40:15.156962662Z"," 78 77 77 79 82 95131135  78 77 78 79 82 99134139  78 78 78 80 82 89124135  81 81 80 81 84 91 99108  79 78 78 81 84 92107117  77 77 76 79 83 94129126  76 76 77 80 84 95130131  78 77 77 78 81 90101108"
"2026-09-24T00:40:25.174018665Z"," 77 78 77 78 82 95130135  79 78 78 80 83 98133136  78 77 78 80 83 90123134  84 81 81 81 85 91 99108  81 81 80 81 85 93107117  78 78 78 79 83 95128126  78 77 77 80 84 95129130  78 77 76 78 81 91100108"
"2026-09-24T00:40:35.194529415Z"," 78 78 78 80 83 95130133  79 78 78 81 83 98132135  77 78 78 80 83 90123133  78 77 78 80 85 91 99108  77 78 78 81 84 93106116  77 78 77 79 84 95126125  78 77 77 81 85 95127130  78 78 78 79 82 90100107"
"2026-09-24T00:40:45.154985175Z"," 79 79 78 80 83 95129133  79 78 79 81 84 98131135  78 78 79 80 84 91122133  79 79 78 81 86 92 99108  77 78 78 80 85 93106115  78 77 77 80 84 95125122  78 78 77 81 86 95126128  79 79 79 80 82 90100107"
"2026-09-24T00:40:55.156593841Z"," 76 77 77 78 81 94126130  77 77 77 79 81 97129133  77 77 77 79 81 89120130  77 77 77 79 83 89 97105  76 76 77 79 83 91103113  77 77 76 78 82 93123120  76 75 75 79 84 92124125  77 77 75 78 80 89 99105"
"2026-09-24T00:41:05.19733916Z"," 77 77 77 78 81 93126129  77 77 77 79 81 96127131  77 77 77 78 82 89119128  77 77 77 79 83 90 97104  75 77 76 78 84 91103112  77 76 76 78 82 93122119  76 76 76 78 83 92122123  77 77 77 77 81 88 98104"
"2026-09-24T00:41:15.157412703Z"," 76 76 76 77 80 93124127  77 76 77 78 81 95126129  76 76 76 77 81 88118127  76 75 77 78 82 89 96104  75 75 76 78 82 90101109  76 76 76 77 81 91119117  76 75 75 78 83 92121122  77 76 76 77 80 88 96103"
"2026-09-24T00:41:25.156232746Z"," 77 77 77 78 81 93124127  77 77 78 79 82 96125129  77 77 77 79 81 88117127  77 77 77 80 84 89 96104  77 76 77 79 83 91102110  77 77 77 78 82 92118117  77 77 77 79 84 92120121  76 77 77 78 81 89 97102"
"2026-09-24T00:41:35.195876386Z"," 77 77 77 78 81 93123126  77 77 78 80 82 95125128  77 77 77 79 82 89117126  77 77 78 79 84 90 96104  77 76 77 79 83 91101109  77 76 77 78 82 92117115  76 76 76 79 84 92118119  77 77 77 79 81 88 97102"
"2026-09-24T00:41:45.158275148Z"," 76 77 76 77 80 93121125  77 77 77 79 81 95123126  76 76 77 78 81 88116124  77 77 77 79 83 89 95103  75 75 76 78 83 89100107  77 77 75 78 82 91116114  76 76 76 78 82 90117118  76 76 77 77 80 87 95100"
"2026-09-24T00:41:55.155044266Z"," 77 78 77 78 82 94121125  77 78 78 80 83 95123126  77 77 78 80 82 88116125  77 77 78 79 84 90 96104  77 77 77 80 84 91100107  77 77 77 79 83 91115114  77 77 77 80 85 92117118  78 78 77 79 81 88 95101"
"2026-09-24T00:42:05.288640585Z"," 76 76 76 77 79 91119122  77 76 77 79 81 93121124  76 75 76 77 80 86113121  75 76 76 77 82 88 94102  75 75 76 78 82 88 99105  77 76 75 78 81 90113111  76 75 75 78 82 90113115  76 76 76 77 79 87 94 99"
"2026-09-24T00:42:15.152247554Z"," 77 76 76 77 79 91118122  77 77 77 78 81 93121123  76 76 76 77 81 86113122  76 76 76 78 82 88 94101  75 76 76 78 82 89 98105  77 75 76 78 81 89112110  75 76 75 77 82 90113114  76 77 76 77 80 87 94 99"
"2026-09-24T00:42:25.151994015Z"," 77 77 77 77 80 90117121  77 76 77 78 81 93120122  77 76 76 77 81 87113120  77 76 76 78 83 88 94101  75 76 76 78 82 89 98104  76 76 75 77 81 89112109  76 75 75 78 82 89112113  77 75 76 77 79 87 93 99"
"2026-09-24T00:42:35.197987668Z"," 77 77 76 77 81 91118121  77 77 77 79 82 93119122  77 76 77 78 82 87112120  76 76 76 78 84 88 94100  75 77 77 78 82 90 98104  77 77 76 79 81 90111109  77 75 76 79 83 90112113  78 77 77 77 80 88 94 98"
"2026-09-24T00:42:45.149847273Z"," 77 77 77 78 81 90117120  79 77 77 79 81 93119122  77 77 77 78 82 87112119  77 77 77 79 83 88 94101  76 77 77 79 83 89 98103  77 77 76 78 81 90109108  77 76 76 79 83 89111111  77 77 77 78 81 87 93 98"
"2026-09-24T00:42:55.153319023Z"," 77 77 77 77 80 90116118  77 77 78 79 81 93117120  77 77 77 77 81 86110118  77 76 77 78 82 88 93100  76 76 77 78 82 88 96103  77 77 76 78 81 88109107  76 76 76 79 82 89109110  77 76 77 78 80 86 92 96"
"2026-09-24T00:43:05.190304609Z"," 76 76 76 77 79 90114118  77 76 77 78 80 91116118  75 75 76 78 81 86110117  75 76 76 77 82 87 93 99  74 75 75 77 81 88 96101  75 76 75 77 81 88108106  76 74 75 78 82 88108108  76 75 76 77 80 86 91 96"
"2026-09-24T00:43:16.976158752Z"," 77 77 77 78 80 90113117  77 77 77 79 81 92116119  76 76 77 77 81 86109117  76 76 77 78 82 87 93 99  75 76 76 78 82 88 96101  76 76 76 77 81 88107105  76 75 75 78 83 89108108  76 77 76 77 80 86 92 95"
"2026-09-24T00:43:25.943264939Z"," 75 76 74 76 79 89112115  77 76 76 77 80 90114117  75 75 75 76 80 84108114  75 75 75 77 81 86 91 98  74 74 75 77 81 86 95 99  75 74 74 77 80 87105104  75 73 74 77 82 87106107  74 75 75 77 78 85 90 95"
"2026-09-24T00:43:35.195602905Z"," 77 77 77 78 81 89113116  77 76 77 78 81 91114117  76 77 77 78 81 86109116  77 76 77 78 82 87 92 99  76 77 76 78 82 88 95 99  76 76 75 77 81 88106105  76 76 76 78 83 87106107  77 77 76 78 80 86 92 95"
"2026-09-24T00:43:46.918732847Z"," 75 76 75 77 79 88111113  74 75 74 77 79 90113115  74 75 75 76 79 84106112  75 75 75 76 81 86 90 97  74 74 74 78 80 86 93 98  74 75 74 76 79 86104102  75 74 74 77 80 86104104  75 76 73 77 79 84 90 93"
"2026-09-24T00:43:55.148208633Z"," 76 77 76 78 79 89111114  76 77 77 79 81 90112116  76 76 76 78 81 86107114  76 76 77 78 83 87 92 97  74 75 76 78 82 88 94 99  76 77 75 78 81 88104102  77 76 76 78 82 88104105  77 77 76 77 80 86 90 94"
"2026-09-24T00:44:05.187688355Z"," 76 77 77 77 80 88110113  77 76 77 78 81 90112115  77 77 77 78 81 86107113  77 76 77 78 82 87 92 97  74 76 76 79 82 87 95 98  76 76 76 78 81 87103102  77 75 75 78 81 87103104  76 76 76 78 80 85 90 93"
"2026-09-24T00:44:17.024381814Z"," 76 77 76 77 81 89110113  77 76 77 78 81 90112114  77 75 77 78 81 86106112  77 76 77 78 82 87 91 97  76 76 76 79 82 88 94 98  77 76 76 78 81 88102102  76 76 76 79 82 88104104  76 76 76 77 80 85 90 92"
"2026-09-24T00:44:25.152710331Z"," 76 77 75 77 79 88108111  77 75 77 78 80 90110113  76 76 76 77 80 85106111  76 76 76 77 82 86 91 95  75 76 76 78 81 87 93 97  76 76 75 77 80 86101101  76 75 75 78 81 86102103  76 76 75 77 79 85 90 93"
"2026-09-24T00:44:35.1862539Z"," 76 76 76 77 79 87108111  77 77 76 78 80 90110113  77 75 77 77 81 85104111  76 76 76 78 82 86 91 96  76 75 76 78 81 86 92 96  77 76 75 79 80 86101100  76 74 75 78 81 86101102  76 76 76 77 79 85 90 92"
"2026-09-24T00:44:45.157748491Z"," 77 77 76 77 79 89108111  77 77 77 78 80 90109113  77 75 77 78 81 86104111  77 76 77 78 82 86 90 95  75 76 76 79 81 86 92 96  76 76 76 77 81 86101100  76 76 76 77 82 86101101  77 75 76 78 79 85 88 92"
"2026-09-24T00:44:56.91574313Z"," 76 77 76 77 80 88107110  77 76 77 79 81 90109112  76 75 76 77 80 85104109  76 76 76 78 82 86 90 95  76 77 76 79 81 86 92 96  76 75 75 77 80 86 99 99  76 75 75 78 81 86101100  77 76 76 77 80 85 89 92"
"2026-09-24T00:45:05.189264357Z"," 77 77 77 77 79 87107109  77 77 77 79 81 89108111  76 76 77 77 80 85104109  76 77 77 78 82 86 90 96  76 76 75 78 81 86 92 95  76 75 75 77 80 86 99 99  75 75 75 78 81 86 99100  76 76 75 77 79 84 89 92"
"2026-09-24T00:45:15.145497413Z"," 75 76 75 76 79 86105108  76 76 76 78 80 88108109  75 75 75 77 79 84103108  76 75 75 78 81 86 89 94  74 75 75 78 80 86 90 95  75 75 75 77 79 85 98 97  75 75 74 77 81 85 98 99  75 75 75 76 77 84 88 90"
"2026-09-24T00:45:27.000197887Z"," 76 77 76 77 80 87107108  77 76 77 79 81 88107110  77 77 77 77 81 85103108  75 76 76 78 82 86 90 95  75 76 76 78 82 86 91 95  76 75 76 77 81 86 98 98  76 75 75 78 82 86 99 99  77 76 77 77 79 85 89 92"
"2026-09-24T00:45:36.005782848Z"," 76 76 76 76 79 86104108  76 76 77 78 80 87107108  75 75 75 77 80 84101107  75 75 76 77 81 85 89 94  74 75 75 77 81 85 90 93  75 75 74 76 80 84 97 96  75 74 75 77 81 85 97 98  76 74 74 76 78 83 86 89"
"2026-09-24T00:45:45.145250809Z"," 74 77 75 76 78 86104107  75 76 76 78 79 87106108  75 75 76 77 80 85101106  76 75 76 77 81 86 89 94  75 75 76 77 81 85 90 94  76 75 75 77 79 85 97 97  75 74 75 77 81 84 97 98  76 76 76 76 78 84 87 90"
"2026-09-24T00:45:56.984078613Z"," 75 76 75 76 79 86103106  76 75 75 77 79 86105108  75 75 75 77 80 84101105  76 75 75 77 81 85 89 93  74 75 75 77 80 85 90 93  76 76 75 76 80 85 96 95  75 74 75 77 81 85 97 97  75 75 74 76 78 83 87 89"
"2026-09-24T00:46:05.186906459Z"," 75 76 75 77 78 86104105  77 75 76 77 80 87104107  76 75 75 77 80 84100106  75 75 75 77 81 85 89 94  74 76 75 77 81 85 90 93  76 76 74 76 80 85 95 95  75 74 74 76 81 84 95 96  75 75 74 76 78 83 87 90"
"2026-09-24T00:46:15.147874126Z"," 75 75 76 76 77 85102105  76 75 76 77 79 87104107  75 75 75 77 79 83 99105  75 75 75 77 81 84 88 93  74 75 75 77 80 85 89 92  74 74 75 76 79 85 95 95  74 75 75 77 80 84 95 96  74 75 75 77 78 84 86 90"
"2026-09-24T00:46:26.968838011Z"," 75 76 75 76 78 85102104  77 76 76 77 79 86104106  75 75 76 77 79 84100104  76 75 76 77 81 84 88 92  75 76 74 77 80 85 90 91  75 75 74 77 79 84 95 94  75 74 75 76 81 84 95 95  75 75 75 77 79 84 86 88"
"2026-09-24T00:46:35.187239384Z"," 74 75 75 75 78 85101103  76 75 76 77 78 86103104  74 74 75 76 79 82 98104  74 74 75 76 80 84 87 91  74 74 75 76 79 83 88 91  74 74 74 77 79 83 94 93  75 74 74 76 79 84 94 95  75 74 75 76 78 82 86 88"
"2026-09-24T00:46:45.14458912Z"," 76 76 76 76 78 86102104  75 75 76 77 79 87103105  76 75 76 77 79 83 99104  75 75 76 77 81 84 88 92  73 75 75 77 80 84 89 92  76 75 75 77 79 84 95 93  76 75 74 77 80 84 95 95  74 77 75 77 77 83 86 87"
"2026-09-24T00:46:55.163262197Z"," 76 76 75 76 79 86102104  77 75 76 78 79 86103104  75 75 75 77 80 83 99104  76 75 76 77 81 84 88 92  75 75 75 77 80 84 88 91  75 76 75 77 79 84 94 94  76 75 74 77 81 83 94 94  77 75 75 77 78 83 86 87"
"2026-09-24T00:47:05.208785469Z"," 75 75 74 76 78 85101103  75 76 76 78 79 86101104  76 75 76 77 79 83 97102  76 75 75 77 81 84 87 91  74 75 74 77 80 84 88 91  75 74 74 76 79 84 94 93  75 74 74 76 80 84 93 94  74 75 75 76 77 82 86 87"
"2026-09-24T00:47:18.032268402Z"," 74 76 74 76 78 85100102  76 75 77 77 78 86101104  76 75 76 77 79 83 98103  75 74 76 77 81 83 88 91  75 75 75 78 79 84 88 90  75 74 73 76 78 83 93 93  75 74 75 76 80 84 93 93  75 75 75 75 78 83 86 87"
"2026-09-24T00:47:25.148176009Z"," 76 76 75 76 79 85100102  76 76 77 77 79 86101103  76 75 75 77 80 83 98102  76 75 76 77 81 84 88 91  75 74 75 77 80 84 88 90  76 75 75 77 80 84 92 92  74 75 75 77 81 83 94 94  75 75 75 77 78 83 86 88"
"2026-09-24T00:47:36.041699329Z"," 75 75 75 76 78 85 99102  76 75 77 77 79 85101103  76 75 75 77 79 83 98101  75 76 76 77 81 84 87 91  74 74 75 77 80 84 88 90  75 75 75 77 79 83 92 92  75 75 74 77 81 84 93 93  76 76 75 76 78 82 85 87"
"2026-09-24T00:47:45.149499709Z"," 75 75 75 76 78 84 99101  75 74 75 76 78 85100102  75 74 75 76 78 82 96101  75 75 75 77 80 83 86 90  74 74 75 77 80 83 87 89  75 75 74 77 78 83 91 91  74 74 74 76 80 83 91 93  75 75 74 76 77 82 84 86"
"2026-09-24T00:47:55.14206432Z"," 76 76 75 76 79 85100101  76 75 76 78 79 86 99102  76 75 75 77 79 83 97101  76 75 76 77 81 83 87 90  75 76 75 78 80 84 87 90  75 75 74 77 79 83 92 91  75 75 75 77 80 83 92 92  77 76 76 77 79 83 85 87"
"2026-09-24T00:48:05.179925816Z"," 75 76 75 76 78 84 98101  76 75 75 77 78 85 99101  75 74 75 76 79 82 96100  76 75 75 77 80 83 87 90  74 75 74 77 79 83 86 89  75 74 74 76 78 82 91 91  75 75 74 77 80 83 91 91  74 74 73 77 78 82 85 86"
"2026-09-24T00:48:15.140451374Z"," 75 75 75 75 77 84 98 99  76 75 75 77 77 84 98100  75 74 75 76 78 82 95 99  74 74 74 76 79 82 86 90  73 74 74 75 79 82 86 88  74 75 74 76 78 82 90 90  73 75 73 76 79 81 90 90  75 75 74 75 77 81 84 86"
"2026-09-24T00:48:25.138489048Z"," 76 75 76 76 77 84 98100  76 74 75 77 78 85 99100  75 75 75 77 78 82 95 99  76 75 75 76 80 83 87 90  74 75 74 77 80 83 87 88  74 74 74 76 79 83 90 90  75 73 74 77 79 82 90 91  75 76 75 76 79 81 84 86"
"2026-09-24T00:48:35.179197651Z"," 74 75 74 76 77 83 97 98  75 75 76 77 78 85 98 99  75 74 75 76 78 82 95 99  75 74 75 76 81 82 86 90  73 74 75 76 79 83 86 87  75 75 73 75 78 82 90 90  73 73 73 76 80 81 90 90  73 73 75 75 78 81 84 85"
"2026-09-24T00:48:45.146669603Z"," 75 75 75 76 78 83 97 99  76 75 76 78 79 85 98 99  75 75 75 76 78 83 95 99  75 75 76 77 80 83 86 90  74 74 75 77 79 84 86 88  76 74 74 77 79 83 90 90  75 75 75 77 80 82 90 91  75 76 75 77 78 82 84 85"
"2026-09-24T00:48:57.090879821Z"," 74 75 75 75 76 82 95 98  75 74 75 77 78 84 97 99  75 74 74 76 79 82 94 98  75 74 75 77 80 82 86 89  73 74 73 76 80 82 85 88  75 73 74 76 78 82 89 90  75 73 73 76 79 81 89 89  74 74 74 75 77 81 84 85"
"2026-09-24T00:49:05.996594119Z"," 75 75 75 74 77 83 97 98  76 75 75 77 78 85 97 99  75 74 75 76 78 82 94 97  75 74 75 76 79 82 86 89  73 73 74 76 79 82 86 87  75 74 74 75 78 81 89 89  75 74 74 76 80 82 89 90  74 75 73 75 77 81 83 85"
"2026-09-24T00:49:15.133718054Z"," 75 76 75 75 77 83 95 97  76 75 75 77 78 84 96 99  75 74 75 76 79 82 94 98  75 74 75 77 79 83 86 90  74 74 75 77 80 82 86 87  76 75 74 77 78 82 90 89  75 74 74 77 80 82 90 90  75 75 74 77 78 82 83 85"
"2026-09-24T00:49:25.144101438Z"," 75 75 74 75 77 82 95 97  76 75 75 77 78 84 97 97  75 75 76 77 78 82 93 97  75 75 75 76 80 82 86 89  74 74 74 76 79 82 86 87  75 74 73 76 79 81 89 89  75 74 74 76 79 81 89 88  74 76 74 76 77 82 83 85"
"2026-09-24T00:49:35.211844994Z"," 74 75 74 74 77 82 94 96  75 74 74 75 77 82 95 97  74 74 73 75 77 80 93 96  74 73 73 75 79 81 84 88  73 72 73 76 78 81 85 86  74 73 73 76 77 81 87 87  74 72 74 75 78 81 88 88  74 74 73 75 77 80 83 85"
"2026-09-24T00:49:47.029878235Z"," 75 75 73 75 77 82 95 96  76 75 75 77 78 84 95 96  75 74 75 76 77 81 93 96  74 75 74 76 80 82 85 88  73 74 74 77 79 83 85 87  75 75 73 76 77 81 88 88  74 73 74 76 79 81 88 87  74 74 74 75 77 81 82 84"
"2026-09-24T00:49:55.149211056Z"," 75 75 74 75 77 82 95 95  75 74 74 77 77 84 95 96  75 74 74 75 78 81 93 95  75 75 74 76 79 81 85 88  74 74 74 76 79 81 85 86  75 74 74 76 77 81 88 87  73 74 74 76 78 81 88 88  74 75 73 75 77 81 82 84"
"2026-09-24T00:50:05.181238119Z"," 74 75 74 75 76 82 94 95  75 75 75 76 78 82 95 96  74 74 74 76 78 81 92 95  74 73 74 75 79 81 85 87  74 73 73 76 78 82 86 86  74 74 73 75 78 80 86 87  75 73 72 76 79 81 88 87  74 74 74 76 77 80 83 84"
"2026-09-24T00:50:20.134496552Z"," 75 75 74 75 77 82 93 95  76 74 76 77 77 84 94 96  75 74 75 76 78 81 92 95  75 75 75 76 79 82 85 88  74 74 74 76 79 83 86 86  75 75 73 77 78 81 87 87  74 74 74 76 79 81 86 87  75 75 74 75 77 81 82 84"
"2026-09-24T00:50:30.157294715Z"," 74 74 74 75 77 82 94 95  76 76 75 77 78 83 94 95  74 74 74 76 78 81 91 95  74 75 75 76 79 81 84 87  75 73 74 77 78 81 84 86  74 74 73 75 78 81 87 87  75 74 73 76 79 81 88 87  74 75 74 75 77 81 82 83"
"2026-09-24T00:50:42.085293598Z"," 75 75 75 74 77 82 94 95  75 74 75 77 77 83 94 95  74 74 74 76 77 81 92 94  74 75 74 76 79 81 84 87  73 74 74 76 78 81 85 85  75 74 73 76 77 81 86 87  74 73 73 77 79 81 88 88  74 74 74 75 77 80 83 83"
"2026-09-24T00:50:55.256426545Z"," 73 74 74 74 76 80 92 93  74 73 75 75 77 82 93 94  74 73 73 74 77 80 90 93  74 74 73 75 78 81 84 86  72 74 74 76 78 81 83 86  73 73 72 75 77 80 86 87  73 73 73 76 78 81 85 86  73 75 73 75 77 81 81 83"
"2026-09-24T00:51:06.034044902Z"," 74 74 73 74 76 81 92 93  74 74 73 76 77 81 92 94  73 73 74 75 77 81 90 93  74 73 73 76 77 81 83 86  73 73 73 75 77 81 83 85  74 73 72 75 77 80 86 85  73 72 72 76 78 80 86 86  74 74 74 74 77 80 81 82"
"2026-09-24T00:51:18.106674506Z"," 74 74 74 74 77 81 92 93  75 74 75 76 77 81 93 95  74 74 74 75 77 80 90 93  74 74 74 75 79 81 83 86  74 74 74 75 78 81 84 85  74 74 74 76 77 80 85 85  74 74 73 75 78 81 86 86  74 74 73 74 77 80 82 82"
"2026-09-24T00:51:25.138959526Z"," 76 77 76 76 78 82 93 94  77 76 77 77 79 83 94 95  75 76 76 77 80 82 92 94  76 76 76 77 81 83 86 89  75 75 76 78 80 83 86 87  76 75 75 77 79 82 87 87  75 75 74 77 80 81 88 87  76 76 76 77 77 82 83 85"
"2026-09-24T00:51:35.173433082Z"," 75 74 75 75 78 81 93 94  75 75 76 77 78 83 93 94  76 75 75 76 78 81 91 94  75 75 75 76 79 81 84 87  74 75 75 76 79 82 84 86  75 75 74 76 78 81 85 86  74 73 73 76 79 81 85 86  74 73 74 76 77 80 81 82"
"2026-09-24T00:51:47.081082738Z"," 74 75 75 75 77 81 91 93  75 73 74 76 77 81 91 94  74 73 74 75 77 80 90 92  75 74 73 76 79 81 83 86  73 73 74 76 77 81 83 84  74 73 73 76 77 80 86 86  73 73 73 76 78 80 85 85  73 74 74 75 77 80 81 82"
"2026-09-24T00:51:57.098005709Z"," 74 75 74 74 77 80 90 92  75 74 74 76 77 81 91 93  73 73 74 75 77 80 90 92  74 74 73 74 79 81 83 86  72 73 73 76 78 81 83 84  74 73 73 76 77 80 86 85  73 73 73 76 77 80 85 86  74 75 73 75 76 80 81 81"
"2026-09-24T00:52:05.171100694Z"," 73 73 73 74 77 80 90 92  74 74 74 75 77 81 91 92  73 73 73 74 76 80 89 91  74 73 73 75 78 80 82 85  72 73 73 75 77 80 82 84  74 73 72 74 76 78 83 85  73 73 73 75 77 79 84 85  73 73 73 75 76 79 80 81"
"2026-09-24T00:52:17.051928162Z"," 75 75 74 75 76 80 91 92  76 74 74 77 77 81 91 92  75 74 73 75 78 80 90 92  75 75 74 76 79 81 84 86  74 74 74 76 78 80 83 84  75 74 73 76 78 80 85 85  74 73 73 76 78 80 86 86  75 74 74 75 77 79 82 81"
"2026-09-24T00:52:25.136102107Z"," 75 75 75 75 76 81 91 92  76 74 75 77 77 82 92 92  74 74 74 75 78 81 90 91  74 74 74 75 79 81 83 86  73 74 73 76 78 80 82 85  74 75 73 76 77 80 85 86  74 74 72 76 79 81 84 86  74 74 74 75 77 80 81 82"
"2026-09-24T00:52:36.083793935Z"," 75 76 75 75 77 81 91 92  76 75 76 77 78 82 91 92  75 76 74 76 78 81 90 92  75 75 75 76 80 81 84 86  74 76 74 76 79 81 84 85  75 75 74 76 78 81 86 86  74 74 74 77 79 81 86 86  74 74 74 76 77 81 81 83"
"2026-09-24T00:52:45.160530962Z"," 75 75 74 75 77 81 90 92  76 74 75 76 77 81 91 92  74 73 74 76 77 81 89 92  75 75 75 76 79 81 83 86  73 74 73 76 78 81 82 84  74 74 73 75 77 80 84 85  74 73 74 75 78 80 85 85  76 73 75 76 77 80 81 82"
"2026-09-24T00:52:55.137902873Z"," 74 75 74 75 77 81 90 92  75 75 76 77 78 82 91 93  75 75 75 76 77 81 89 92  75 74 75 77 79 81 84 86  74 75 74 76 78 81 83 84  75 74 74 76 78 81 85 86  74 73 74 75 79 80 85 85  75 76 74 76 78 80 82 82"
"2026-09-24T00:53:06.068062606Z"," 75 74 74 75 76 81 90 92  75 75 75 77 77 82 90 91  75 74 74 75 78 80 88 90  75 74 75 76 79 81 83 86  73 74 75 76 78 81 83 84  75 74 73 76 78 80 83 84  74 74 73 76 78 80 84 85  75 74 75 75 77 81 81 83"
"2026-09-24T00:53:15.125540476Z"," 75 75 75 76 77 81 89 91  75 75 75 77 77 82 90 91  75 75 75 77 78 81 89 91  75 75 75 76 79 81 83 85  73 74 74 77 78 81 82 84  74 74 74 76 77 80 84 85  74 73 73 76 79 81 84 84  74 75 74 76 77 80 81 81"
"2026-09-24T00:53:27.147726452Z"," 75 74 73 75 77 80 89 90  75 74 74 77 77 81 90 91  75 75 75 76 78 80 88 90  73 74 74 76 78 81 82 85  73 74 74 76 78 80 82 83  74 74 73 76 77 79 85 84  73 73 74 75 78 79 84 84  73 74 74 74 76 79 81 81"
"2026-09-24T00:53:35.166670771Z"," 74 75 74 75 77 81 90 91  77 74 75 77 79 82 90 91  75 74 75 75 78 81 88 91  74 74 74 76 79 81 82 86  73 74 74 76 78 81 82 84  74 75 73 75 78 80 84 85  75 73 74 76 78 80 84 84  74 75 75 75 77 79 81 82"
"2026-09-24T00:53:47.108627169Z"," 73 74 73 73 77 80 88 89  74 74 73 75 77 80 89 90  73 73 73 74 76 79 87 89  74 73 73 75 77 80 81 84  73 73 73 74 77 80 81 83  74 73 72 75 77 78 83 84  72 72 73 74 77 78 83 83  74 73 74 74 76 78 80 80"
"2026-09-24T00:53:55.155351217Z"," 74 74 74 74 77 81 89 89  75 73 74 76 77 81 89 90  74 74 74 75 78 80 87 90  74 74 75 75 78 80 83 85  73 73 74 75 78 80 82 82  74 74 74 75 77 79 83 84  73 73 73 75 78 79 83 84  74 75 73 75 77 80 81 81"
"2026-09-24T00:54:05.16398743Z"," 75 76 74 74 77 80 89 90  76 75 76 77 78 82 90 90  74 75 74 75 78 80 88 90  75 74 75 76 79 81 83 86  73 74 74 76 78 81 83 84  75 75 74 75 77 80 84 85  74 74 74 76 79 80 84 84  74 75 75 76 77 80 81 81"
"2026-09-24T00:54:15.147598234Z"," -- -- -- -- -- -- -- --"
"2026-09-24T00:54:25.554038374Z"," 74 74 75 75 77 80 88 89  75 75 74 76 77 80 89 90  74 73 74 75 77 79 86 90  74 74 74 76 79 80 82 85  72 73 74 75 77 80 81 83  74 74 73 75 77 80 83 84  74 72 72 76 78 79 83 84  74 73 73 75 76 79 81 81"
"2026-09-24T00:54:35.687240136Z"," 74 75 74 75 77 80 88 89  75 74 75 76 77 81 88 90  74 74 74 76 77 79 87 90  75 75 74 76 79 80 81 85  73 74 74 76 78 80 82 84  74 74 72 76 77 80 83 84  74 73 74 76 78 80 82 84  74 73 73 75 76 78 80 80"
"2026-09-24T00:54:53.119204676Z"," 75 74 74 74 76 80 88 89  75 74 75 77 77 81 88 89  74 74 74 76 77 80 87 89  74 74 74 76 79 81 82 85  73 74 74 76 78 80 82 83  74 74 74 75 77 79 84 83  74 73 73 76 78 80 83 84  74 75 74 76 77 79 81 81"
"2026-09-24T00:55:00.760722048Z"," -- -- -- -- -- -- -- --"
"2026-09-24T14:00:55.924268557Z"," 70 70 69 69 68 68 69 70  82 72 70 70 69 70 69 69  77 71 70 70 70 70 70 69  75 75 72 71 71 70 69 69  76 80 80 86 72 69 69 61  77 81 88104 75 69 69 61  77 79 78 78 72 69 69 68  75 76 72 72 70 70 68 69"
"2026-09-24T14:01:05.882685045Z"," 70 71 69 68 68 68 69 68  83 71 71 70 69 69 69 69  80 74 72 70 70 70 70 70  78 76 75 72 71 69 68 68  76 78 82 87 72 70 68 59  77 81 89103 75 69 68 61  76 78 79 79 72 68 69 68  72 75 73 72 70 70 68 69"
"2026-09-24T14:01:18.8214522Z"," 69 69 68 68 68 68 69 69  81 69 69 69 68 68 68 69  73 69 69 68 69 68 69 69  71 70 70 70 69 68 68 68  68 70 79 88 72 68 68 59  68 70 82100 74 68 68 61  69 69 72 75 72 68 68 67  68 69 69 69 68 69 67 69"
"2026-09-24T14:01:25.882393329Z"," 69 69 68 68 68 68 68 69  74 71 71 69 68 68 68 69  74 72 72 70 68 68 69 68  72 71 71 70 69 69 68 66  68 70 78 87 72 68 68 59  68 71 81 99 73 68 67 59  69 68 71 74 71 68 68 67  69 69 69 69 68 68 68 69"
"2026-09-24T14:01:35.944729463Z"," 70 71 69 68 68 68 69 70  81 70 70 70 68 68 69 70  75 72 73 71 70 69 69 69  75 75 74 71 70 69 68 68  71 72 80 86 72 69 68 60  69 70 81 98 75 69 68 61  68 69 71 75 72 69 68 68  70 70 69 70 70 70 68 68"
"2026-09-24T14:01:45.915716205Z"," 69 70 68 68 68 68 69 70  80 70 69 69 69 69 69 70  70 69 69 68 69 70 69 69  72 72 72 70 71 69 68 68  76 77 81 86 72 70 68 60  75 76 83 98 75 71 69 63  70 70 72 75 72 70 71 76  70 70 70 71 71 72 80103"
"2026-09-24T14:01:55.880068614Z"," 71 70 68 68 68 69 69 69  81 70 70 70 70 68 70 71  72 70 70 70 69 69 70 69  73 73 72 70 70 69 68 68  75 76 81 86 72 70 69 60  75 75 81 97 75 69 70 61  70 70 72 75 73 71 72 76  70 70 70 71 70 72 81104"
"2026-09-24T14:02:07.839209113Z"," 70 70 68 68 68 69 68 69  80 70 69 69 69 68 69 69  71 69 69 68 69 69 70 68  68 70 70 70 69 69 68 68  68 70 77 85 72 69 68 59  68 71 80 95 74 70 69 61  68 68 70 75 72 72 72 75  69 69 69 71 70 71 80103"
"2026-09-24T14:02:15.93125622Z"," 70 69 68 68 68 68 69 70  81 69 71 69 69 69 70 70  71 69 70 69 70 69 70 69  69 69 71 70 70 69 69 69  69 70 77 85 72 70 69 60  70 71 80 95 75 70 70 62  69 69 72 74 72 71 72 76  69 71 70 71 71 72 80104"
"2026-09-24T14:02:27.898313431Z"," 69 69 69 68 69 68 70 70  81 71 70 70 68 69 69 70  72 70 70 69 70 70 70 69  74 73 73 71 70 70 69 68  74 75 81 85 72 70 69 60  71 72 81 95 75 70 69 62  70 70 72 75 72 72 73 76  69 70 70 71 71 73 81103"
"2026-09-24T14:02:35.880249983Z"," 70 69 69 68 68 68 69 70  81 69 69 70 68 68 68 68  70 69 69 68 69 68 69 68  68 70 69 70 69 69 68 67  68 69 76 83 72 69 69 60  68 69 78 93 73 69 69 61  69 69 71 74 71 71 72 75  69 69 70 69 71 71 79102"
"2026-09-24T14:02:45.922812133Z"," 71 69 69 69 68 69 70 71  81 70 71 69 69 69 70 71  72 70 70 70 70 70 70 70  70 70 72 71 71 69 70 68  69 71 77 84 73 70 71 61  69 71 80 95 75 71 71 63  70 70 72 75 73 72 74 77  69 71 70 72 72 73 81103"
"2026-09-24T14:02:55.877496322Z"," 71 71 69 70 68 69 69 70  81 71 70 70 68 69 70 71  72 70 70 70 70 71 71 69  70 70 71 71 71 70 69 68  68 71 77 84 73 71 69 62  70 71 80 93 75 71 71 63  68 70 72 75 74 72 73 78  70 70 70 72 72 72 82104"
"2026-09-24T14:03:05.877442093Z"," 71 69 69 68 69 68 69 70  80 69 69 70 68 69 70 70  69 69 69 69 69 69 70 69  69 70 70 70 69 69 69 68  68 69 77 83 72 70 70 61  69 71 78 92 75 70 70 62  68 69 71 75 72 72 73 77  68 68 70 71 71 72 81102"
"2026-09-24T14:03:15.949621254Z"," 70 69 69 69 69 68 70 71  80 70 69 69 69 69 69 70  71 69 69 69 69 69 70 69  69 70 70 69 70 70 68 68  68 70 77 82 72 70 69 60  68 70 79 92 74 71 70 63  68 69 72 73 72 72 73 77  69 70 71 70 71 72 80104"
"2026-09-24T14:03:25.875518727Z"," 70 69 70 68 68 69 69 69  81 70 69 70 69 69 69 71  70 69 70 70 69 70 70 69  68 70 71 70 70 70 69 67  68 71 76 82 72 69 68 60  68 70 78 92 74 70 70 62  68 69 72 74 73 72 73 76  70 71 70 71 71 72 80103"
"2026-09-24T14:03:35.872622079Z"," 68 69 68 68 68 69 69 69  79 69 69 69 68 68 69 68  69 68 68 68 69 68 69 68  68 69 70 69 69 69 68 68  68 68 76 82 71 70 68 60  68 70 77 91 73 70 70 62  68 70 70 73 73 72 73 76  69 69 69 70 70 72 81103"
"2026-09-24T14:03:45.874376306Z"," 70 69 68 69 68 69 69 69  80 69 70 69 68 69 69 69  70 68 69 69 69 69 70 70  69 69 70 69 69 69 69 68  68 70 76 82 72 69 69 60  69 70 78 92 74 70 70 63  70 69 71 74 73 72 73 76  69 69 69 70 72 73 81103"
"2026-09-24T14:03:57.949592505Z"," 71 70 68 69 69 68 69 70  81 70 70 70 68 70 69 70  71 68 70 69 70 70 70 70  69 70 71 70 71 70 70 68  68 69 76 83 72 70 69 61  68 71 78 90 75 71 70 63  70 69 71 74 73 72 73 77  69 70 70 71 72 73 82103"
"2026-09-24T14:04:06.960472197Z"," 70 69 69 69 68 69 70 70  80 70 69 69 69 69 69 70  70 69 69 69 68 69 70 69  69 69 70 69 70 69 69 68  68 70 76 81 72 70 70 60  68 70 78 90 74 71 71 63  68 68 71 73 72 72 74 77  69 69 69 70 71 72 81103"
"2026-09-24T14:04:15.912560688Z"," 70 70 69 69 68 69 69 70  80 69 70 70 69 69 70 70  70 69 68 69 69 70 70 70  69 70 70 71 70 70 70 68  68 69 76 82 73 71 70 61  68 71 77 90 74 71 71 63  69 68 72 74 72 72 74 77  69 70 70 71 71 74 82103"
"2026-09-24T14:04:27.936039887Z"," 70 69 69 68 69 68 70 69  81 69 70 70 69 69 70 70  70 69 70 69 70 70 70 70  69 70 70 70 70 69 69 68  69 70 76 81 72 70 69 62  68 71 78 90 75 70 71 64  69 69 71 74 73 73 75 78  70 70 70 71 72 74 83104"
"2026-09-24T14:04:36.938153945Z"," 69 69 69 68 68 68 68 70  79 69 70 70 69 68 69 70  70 68 69 69 70 69 69 69  68 69 70 69 69 69 69 68  68 70 76 81 72 70 70 60  68 70 77 90 73 71 71 63  69 69 70 73 72 72 74 77  69 69 70 71 71 73 82104"
"2026-09-24T14:04:45.910329314Z"," 70 71 69 69 68 69 69 71  80 70 70 70 69 69 69 70  70 69 69 69 70 70 70 70  69 70 70 70 71 70 69 68  68 70 75 82 72 70 69 62  68 70 78 90 74 71 70 64  69 69 71 73 74 73 75 77  70 70 70 71 71 74 82103"
"2026-09-24T14:04:55.874470717Z"," 69 69 68 68 68 68 69 70  79 69 70 69 69 69 69 69  70 68 69 68 69 70 69 69  69 69 69 69 69 70 69 68  68 69 75 81 72 70 69 60  68 70 77 89 74 70 71 62  69 69 70 73 72 72 74 77  69 69 69 70 71 73 81102"
"2026-09-24T14:05:05.902508072Z"," 70 70 69 69 68 69 69 70  79 70 70 69 68 68 69 70  69 69 69 69 70 70 69 70  68 69 70 70 69 69 69 67  68 69 75 81 72 69 69 61  68 71 77 90 74 71 70 63  69 69 71 73 72 72 74 77  70 70 70 70 71 74 81103"
"2026-09-24T14:05:15.938757534Z"," 70 71 69 68 68 68 69 69  80 69 70 69 69 68 69 69  69 69 69 69 69 69 69 69  68 69 69 71 69 69 68 68  67 70 74 81 72 70 69 60  68 71 77 89 74 71 70 63  69 69 70 74 72 72 74 77  69 68 69 70 71 74 82103"
"2026-09-24T14:05:25.877224054Z"," 70 69 69 69 69 69 69 70  79 71 70 71 68 69 70 71  70 69 70 70 69 70 70 70  69 69 70 70 70 70 69 68  68 70 75 81 72 70 69 61  68 70 77 90 75 71 71 63  69 70 71 73 73 74 75 78  69 70 70 71 72 74 82104"
"2026-09-24T14:05:37.933057089Z"," 71 72 69 69 68 69 69 70  78 70 71 70 69 69 69 69  76 72 72 70 70 69 70 68  76 73 74 71 71 70 70 68  74 73 76 81 72 70 69 62  70 70 77 89 75 71 70 63  69 70 71 74 73 72 74 76  69 70 70 70 71 74 82103"
"2026-09-24T14:05:45.916687747Z"," 70 70 69 69 69 69 70 70  80 70 69 70 69 69 70 70  70 69 70 69 69 70 70 70  69 69 70 71 71 70 70 68  68 70 75 81 73 70 69 62  68 71 77 89 74 71 71 63  69 69 71 73 73 73 75 78  69 69 70 70 72 74 82104"
"2026-09-24T14:05:55.921796224Z"," 70 70 70 70 69 70 70 71  80 71 70 70 69 70 70 72  72 70 70 71 69 71 71 70  70 70 71 71 71 71 70 69  70 70 75 82 73 71 70 63  70 70 77 88 75 72 72 64  70 71 71 75 74 73 76 78  69 70 70 71 72 75 83104"
"2026-09-24T14:06:07.913743685Z"," 69 69 69 69 68 68 69 69  80 69 70 70 68 68 69 69  70 68 68 69 69 69 69 68  68 69 70 70 69 69 68 68  67 68 74 80 72 70 69 61  68 69 76 87 73 70 71 63  69 68 70 72 72 72 74 77  68 68 69 70 71 73 81103"
"2026-09-24T14:06:15.929906098Z"," 69 69 68 68 68 69 70 70  79 69 69 69 68 68 70 69  69 68 69 68 68 69 69 69  68 69 70 70 70 69 68 68  68 69 74 79 72 70 68 60  68 69 75 88 74 71 70 63  68 69 70 72 72 73 75 77  68 68 69 69 71 72 81102"
"2026-09-24T14:06:25.879066268Z"," 71 69 69 69 68 68 70 71  80 70 69 69 69 69 69 70  70 69 69 70 70 69 70 69  69 69 70 70 71 70 69 68  68 69 74 79 72 70 69 61  68 70 75 88 74 71 71 63  69 69 71 73 72 73 75 77  68 69 69 70 72 73 81103"
"2026-09-24T14:06:35.874385674Z"," 69 70 69 68 68 69 70 70  80 70 70 71 69 69 70 69  70 69 69 70 69 71 70 70  68 69 70 70 70 69 69 69  68 69 74 80 72 70 69 61  68 70 76 87 75 71 70 63  69 70 70 73 73 72 75 78  68 69 69 70 72 75 82102"
"2026-09-24T14:06:46.0380974Z"," 70 70 68 69 68 69 69 71  80 69 70 70 69 69 69 70  71 68 70 69 69 70 70 70  68 69 70 70 70 70 69 68  68 70 75 80 73 70 69 61  69 70 76 87 75 72 71 64  70 70 70 73 74 73 75 77  69 69 69 70 72 74 82104"
"2026-09-24T14:06:57.955492656Z"," 69 70 69 70 69 68 70 71  79 70 70 70 68 68 69 70  70 69 70 69 70 69 70 70  69 69 70 70 71 70 69 68  68 70 74 80 72 71 70 60  68 70 76 87 73 72 71 64  69 70 71 74 73 73 76 78  69 69 70 70 71 74 82103"
"2026-09-24T14:07:05.903211888Z"," 70 70 69 69 68 69 70 70  79 71 70 70 68 69 69 70  70 69 70 69 69 69 70 69  69 70 70 70 70 71 69 68  68 71 74 80 72 71 70 62  69 70 76 87 75 72 71 63  69 70 70 74 74 74 75 78  68 70 70 71 72 74 83103"
"2026-09-24T14:07:15.91408595Z"," 69 69 69 69 69 69 70 70  80 70 69 70 69 69 69 70  69 70 70 68 69 70 70 71  69 69 69 70 70 70 69 68  67 69 74 80 72 71 69 61  68 70 75 87 74 71 72 63  68 68 70 73 72 73 74 78  68 70 69 70 70 74 82103"
"2026-09-24T14:07:25.870828194Z"," 70 70 68 69 69 69 70 68  79 70 69 70 69 69 70 70  70 69 70 68 69 70 70 69  69 70 70 70 70 69 69 68  68 70 74 79 72 70 70 61  69 70 75 87 75 72 71 63  69 70 70 73 72 73 75 78  69 69 69 70 72 74 82103"
"2026-09-24T14:07:37.967648008Z"," 70 69 69 69 69 69 70 71  79 70 70 70 69 69 69 70  70 69 70 69 70 70 70 70  68 70 71 70 71 71 70 68  68 70 74 80 72 70 70 63  69 70 75 86 74 72 71 65  69 69 71 73 74 74 75 78  70 69 70 72 72 74 84103"
"2026-09-24T14:07:50.915952178Z"," 71 71 70 69 68 69 70 71  81 72 70 70 69 69 70 70  75 72 70 69 71 70 70 70  76 75 72 71 72 71 70 68  74 77 76 79 73 71 70 62  77 78 83 89 75 73 72 64  75 76 76 78 74 74 76 77  72 72 72 72 72 74 83104"
"2026-09-24T15:40:05.162087305Z"," 71 71 70 69 68 69 70 71  81 72 70 70 69 69 70 70  75 72 70 69 71 70 70 70  76 75 72 71 72 71 70 68  74 77 76 79 73 71 70 62  77 78 83 89 75 73 72 64  75 76 76 78 74 74 76 77  72 72 72 72 72 74 83104"
"2026-09-24T15:40:14.228243771Z"," -- -- -- -- -- -- -- --"
"2026-09-26T23:59:39.363873493Z"," -- -- -- -- -- -- -- --"
"2026-09-26T23:59:50.044926818Z"," 92 94 93 92 92 92 92 90  93 93 93 92 92 91 92 91  93 92 92 92 91 92 92 92  93 92 92 92 92 92 92 92  92 92 92 92 93 91 92 91  92 92 91 92 91 91 91 91  92 92 91 91 92 91 91 90  92 93 91 92 90 90 90 86"
"2026-09-27T00:00:02.02839229Z"," -- -- -- -- -- -- -- --"
"2026-09-27T00:14:55.258461545Z"," -- -- -- -- -- -- -- --"
"2026-09-27T00:15:02.346350358Z"," 91 93 91 91 90 89 88 88  92 92 91 91 90 90 88 88  91 91 91 91 90 90 89 87  92 91 91 91 91 90 90 87  90 91 91 91 90 90 90 88  91 90 90 91 90 90 90 88  90 90 90 91 90 89 89 87  90 90 90 91 90 90 88 82"
"2026-09-27T00:15:12.444630319Z"," -- -- -- -- -- -- -- --"
"2026-09-27T00:17:29.500246003Z"," -- -- -- -- -- -- -- --"
"2026-09-27T00:36:11.903332094Z"," 87 89 88 88 87 88 88 87  89 88 89 88 88 88 88 88  89 88 88 88 89 89 89 87  89 88 89 89 88 88 88 88  89 89 89 89 88 88 88 89  88 89 89 88 88 88 88 88  87 87 87 88 88 87 87 86  87 88 88 88 87 88 86 87"
"2026-09-27T00:36:24.496500746Z"," -- -- -- -- -- -- -- --"
"2026-09-27T00:42:02.94139885Z"," -- -- -- -- -- -- -- --"
"2026-09-27T00:42:58.197964747Z"," -- -- -- -- -- -- -- --"
"2026-09-27T00:47:55.35034741Z"," -- -- -- -- -- -- -- --"
"2026-09-27T01:08:57.560435576Z"," 73 74 73 72 73 74 73 75  74 73 73 74 73 74 75 75  74 73 74 73 74 73 75 75  74 74 74 73 73 70 73 75  74 74 73 77 77 73 74 75  75 73 73 84104 84 76 76  75 74 75 78 86 78 77 76  78 81 79 78 76 76 74 76"
"2026-09-27T01:09:09.834116693Z"," 73 74 73 72 73 74 74 75  75 74 74 75 75 75 75 75  75 74 74 75 76 76 77 75  77 78 75 76 78 79 76 75  81 78 79 87113 87 79 76  81 82 81101146101 80 78  81 82 84 87 99 85 80 77  81 83 84 85 81 79 77 77"
"2026-09-27T01:09:21.603013312Z"," 75 75 74 74 74 75 75 76  77 76 75 75 76 75 76 77  82 80 77 76 77 77 77 76  83 84 82 80 82 80 77 75  82 84 84 94146 96 83 77  83 85 84114178112 84 80  81 81 79 92111 90 83 80  79 78 79 83 84 82 81 79"
"2026-09-27T01:09:30.608679603Z"," 74 74 74 73 73 74 74 76  75 75 74 75 75 75 75 76  75 75 74 75 77 77 76 75  79 76 77 79 80 78 77 76  81 77 81 96126 90 80 77  81 79 79118180107 81 79  77 76 79 90111 89 81 79  76 75 78 81 82 81 80 78"
"2026-09-27T01:09:39.822144608Z"," 74 75 75 75 75 75 75 76  75 75 74 76 76 75 76 77  75 76 75 76 78 77 77 76  79 77 77 80 82 79 77 76  80 79 81 99136 94 81 78  80 79 81130202114 83 81  77 76 81 95121 93 83 79  75 77 79 84 86 84 81 78"
"2026-09-27T01:09:51.586147191Z"," 75 74 75 75 75 76 76 77  76 76 75 76 76 77 77 77  76 75 76 77 79 78 78 77  79 78 79 81 83 80 78 77  82 80 83105147 99 83 80  81 80 83144222121 86 81  77 78 82102130 97 85 81  77 79 82 86 89 87 83 80"
"2026-09-27T01:09:59.838334336Z"," 76 76 75 75 76 77 77 77  77 76 75 77 77 77 77 78  77 77 77 78 80 79 79 78  80 79 80 83 86 82 80 77  83 81 85112158103 85 81  81 81 86158244129 87 83  79 80 85108140102 87 82  78 79 84 90 92 90 85 82"
"2026-09-27T01:10:09.819484658Z"," 76 76 76 76 77 77 77 78  77 77 77 78 79 77 78 78  77 77 77 79 81 80 79 78  80 79 80 84 87 84 80 78  82 81 86119170107 86 81  84 83 88172244136 90 85  79 80 87113150107 90 84  79 81 86 92 94 92 86 84"
"2026-09-27T01:10:19.855156508Z"," 76 77 76 77 77 78 77 79  77 77 77 79 80 78 78 77  77 77 78 80 83 81 79 78  80 80 82 86 89 86 82 80  83 83 88126181112 88 83  85 85 90188244144 92 87  81 82 90121160112 92 84  79 82 88 95 98 95 89 85"
"2026-09-27T01:10:34.824465948Z"," 75 76 76 76 74 76 76 77  77 76 76 76 77 77 77 77  77 77 76 77 78 78 78 78  84 82 79 80 84 81 80 79  84 85 82 86127102 84 80  85 88 87 80113128 86 81  84 86 85 81 87 90 84 80  84 81 80 82 81 81 80 81"
"2026-09-27T01:10:45.621036918Z"," 75 75 74 74 74 75 76 76  76 75 75 75 76 75 76 76  76 76 75 76 78 77 78 77  82 81 78 80 84 81 78 77  83 83 79 86128103 84 80  83 83 76 78128134 87 81  82 84 77 83119 95 85 81  82 82 80 82 84 83 80 80"
"2026-09-27T01:10:54.826867345Z"," 75 76 75 74 75 75 76 77  77 76 76 76 77 77 77 77  76 76 76 77 78 79 78 78  79 78 78 81 84 82 79 78  82 81 83107131104 84 81  80 79 84131135135 88 82  77 77 80100127 96 86 81  77 77 79 84 87 86 81 82"
"2026-09-27T01:11:04.98458077Z"," 77 76 75 75 77 77 77 77  77 77 76 76 78 77 78 77  80 78 77 77 80 80 79 78  84 85 84 83 87 83 80 79  85 87 90110134106 86 82  86 89 94137138137 90 83  85 87 88104130 98 86 83  81 81 80 86 88 86 82 82"
"2026-09-27T01:11:14.859562854Z"," 76 76 75 76 76 76 77 78  76 76 76 77 77 77 77 78  77 77 77 78 79 79 79 78  81 82 81 83 86 83 80 79  86 86 88112137108 86 82  86 90 94141140140 90 83  86 88 90107134 99 88 83  82 84 83 88 90 87 82 82"
"2026-09-27T02:04:51.984842567Z"," 76 76 75 76 76 76 77 78  76 76 76 77 77 77 77 78  77 77 77 78 79 79 79 78  81 82 81 83 86 83 80 79  86 86 88112137108 86 82  86 90 94141140140 90 83  86 88 90107134 99 88 83  82 84 83 88 90 87 82 82"
"2026-09-27T02:04:59.843155924Z"," -- -- -- -- -- -- -- --"
"2026-09-27T02:14:34.862575511Z"," -- -- -- -- -- -- -- --"
"2026-09-27T02:15:34.776134585Z"," -- -- -- -- -- -- -- --"
"2026-09-27T02:16:51.84222015Z"," 91 91 90 88 83 81 80 80  91 91 90 90 87 81 79 79  91 91 91 90 90 87 82 80  92 92 92 91 90 90 86 81  91 91 91 91 91 90 89 85  92 92 91 92 91 90 89 89  92 92 92 91 92 90 91 90  92 92 93 92 90 91 90 91"
"2026-09-27T02:17:04.013311732Z"," -- -- -- -- -- -- -- --"
"2026-09-27T02:19:53.86455247Z"," -- -- -- -- -- -- -- --"
"2026-09-27T15:58:24.166148559Z"," 68 69 68 67 67 67 68 68  87 69 68 68 67 68 67 68  73 70 68 68 68 68 68 67  73 73 72 69 68 68 67 68  72 74 77 78 70 68 68 61  73 74 80 95 72 68 68 63  72 73 74 73 70 68 67 66  71 71 70 69 68 67 67 68"
"2026-09-27T15:58:34.118439111Z"," 70 68 68 68 67 67 68 69  86 69 69 68 67 67 68 68  73 69 68 68 68 67 68 67  73 73 71 69 68 68 67 67  72 77 77 83 70 68 68 62  73 75 81 96 72 68 68 63  72 73 75 73 70 68 68 66  70 71 70 70 67 67 67 68"
"2026-09-27T15:58:44.118888677Z"," 71 70 71 70 67 67 68 68  82 70 71 70 68 67 68 68  68 67 69 68 68 68 68 68  67 68 68 68 68 67 68 67  66 68 74 81 70 68 68 60  67 69 77 94 72 68 67 63  67 68 70 73 69 67 68 66  69 68 68 68 68 68 67 67"
"2026-09-27T15:58:54.155414013Z"," 71 70 70 68 67 68 68 68  72 71 72 71 68 68 68 68  70 69 68 68 68 68 68 68  68 69 68 69 68 68 68 68  67 68 74 81 70 68 68 62  68 69 77 94 72 67 67 63  68 68 70 73 70 68 68 67  68 69 69 69 69 68 67 67"
"2026-09-27T15:59:04.111563833Z"," 69 68 68 68 67 67 68 68  86 69 69 68 68 68 68 69  69 68 68 68 68 68 69 68  68 68 69 68 68 68 68 67  67 69 74 80 70 68 68 61  68 69 77 92 72 68 68 63  68 68 70 74 70 68 67 67  68 68 68 69 68 68 68 68"
"2026-09-27T15:59:15.968659427Z"," 71 68 68 68 67 68 68 69  86 69 69 69 68 68 68 69  72 70 70 69 69 69 69 68  73 72 74 71 69 68 68 68  71 70 76 81 70 68 68 63  69 69 77 92 73 68 68 63  68 68 70 74 70 68 68 68  68 69 69 70 69 69 68 69"
"2026-09-27T15:59:24.183880424Z"," 69 69 68 68 67 67 68 68  72 71 71 69 68 68 68 68  72 71 72 71 68 68 68 68  69 69 69 69 68 68 68 67  66 69 73 79 70 68 67 62  67 69 77 91 72 67 66 63  67 68 69 72 69 67 68 68  68 68 68 68 68 68 67 68"
"2026-09-27T15:59:34.1498438Z"," 71 71 69 68 68 68 67 69  73 74 71 69 68 68 68 69  72 72 71 71 69 69 69 68  73 72 72 71 69 68 68 67  73 72 76 81 71 69 68 62  72 73 77 91 73 68 67 63  70 70 70 73 71 68 68 67  69 69 69 69 68 68 67 68"
"2026-09-27T15:59:44.219899265Z"," -- -- -- -- -- -- -- --"
"2026-09-27T16:00:21.129688319Z"," 70 69 68 68 68 67 68 68  81 71 70 69 68 68 68 68  75 74 71 70 68 68 68 68  74 75 74 73 69 69 68 68  74 74 76 77 71 68 68 62  74 75 79 91 74 68 68 63  73 74 75 79 71 68 68 67  71 71 70 71 68 68 67 67"
"2026-09-27T16:00:31.16221284Z"," 69 69 68 68 68 67 68 69  80 71 69 69 68 68 68 68  75 73 72 70 69 68 69 68  75 75 74 70 70 68 68 68  72 73 75 75 70 68 68 61  74 74 78 90 73 68 67 63  72 73 74 79 71 68 68 68  70 71 70 70 68 68 67 68"
"2026-09-27T16:00:41.125955291Z"," 69 69 68 68 67 68 67 68  81 70 68 68 67 67 68 68  74 74 70 69 68 68 68 68  74 74 74 71 69 68 67 68  73 74 75 76 69 68 68 62  73 75 77 90 73 67 67 62  72 74 75 77 70 68 68 67  70 71 69 70 68 68 66 68"
"2026-09-27T16:00:51.142191199Z"," -- -- -- -- -- -- -- --"
"2026-09-27T16:04:31.66792273Z"," 69 70 68 68 68 68 68 69  78 70 69 69 68 68 68 69  73 72 72 71 69 70 69 69  72 72 72 70 69 69 68 68  68 68 70 73 71 69 69 64  69 69 72 85 74 70 70 66  68 68 69 76 72 71 72 76  68 68 69 69 69 71 80103"
"2026-09-27T16:04:41.627225692Z"," 69 70 68 68 68 68 68 69  73 72 69 69 68 69 68 69  74 73 72 71 69 69 69 68  72 73 72 71 70 69 68 69  72 72 72 74 71 69 69 63  69 69 72 85 74 69 69 65  68 68 70 75 72 71 72 76  68 68 69 70 70 71 80100"
"2026-09-27T16:04:51.67553683Z"," 69 69 69 68 68 67 69 69  80 70 69 69 68 69 69 69  75 72 70 68 69 69 69 68  74 75 72 69 70 69 69 69  73 74 73 75 71 69 70 63  74 75 77 86 75 70 69 66  74 74 73 75 72 71 72 77  71 71 70 70 71 72 80101"
"2026-09-27T16:05:01.626679269Z"," 69 69 68 68 67 68 68 69  80 70 69 69 68 67 69 68  74 74 72 69 69 69 69 69  75 75 74 73 70 69 68 68  73 74 74 75 71 69 69 63  74 75 76 85 75 69 68 66  74 74 74 78 72 71 72 77  71 71 70 70 70 70 81101"
"2026-09-27T16:05:11.625252205Z"," 70 69 68 68 68 68 68 68  80 70 70 69 68 69 69 68  75 73 72 69 68 69 68 69  75 76 75 73 70 69 68 68  73 74 74 75 71 69 69 63  74 76 77 85 75 69 70 66  74 75 75 77 72 71 72 77  72 72 72 72 70 72 81101"
"2026-09-27T16:05:21.661417516Z"," 70 70 68 68 68 68 69 70  79 70 70 70 68 68 69 70  74 73 72 70 69 69 69 69  75 76 76 73 70 69 69 69  74 75 75 74 70 70 69 64  75 76 77 85 75 70 71 66  74 75 75 78 72 71 74 77  72 71 71 72 71 72 82102"
"2026-09-27T16:05:31.639541638Z"," 69 69 68 68 68 68 68 68  80 69 69 68 68 67 68 68  74 74 72 69 69 69 69 68  75 76 74 74 71 69 68 68  73 74 75 75 70 68 69 64  74 75 76 84 73 69 69 66  73 75 75 77 72 71 73 76  71 72 70 71 70 71 80101"
"2026-09-27T16:05:41.623767104Z"," 70 69 68 68 68 67 68 70  80 70 70 69 68 68 68 69  74 74 71 70 69 69 68 68  75 76 74 74 71 69 68 68  73 74 75 76 71 70 69 63  75 76 76 84 74 70 70 65  73 74 75 77 73 70 73 77  71 72 71 71 70 72 81102"
"2026-09-27T16:05:51.665088022Z"," 70 70 68 68 68 68 68 69  80 70 69 70 68 68 69 68  74 73 71 70 69 69 69 69  75 76 74 74 71 69 69 68  74 74 76 76 70 70 69 64  74 76 77 83 74 70 71 66  74 74 75 77 72 71 74 77  72 72 71 71 71 72 81102"
"2026-09-27T16:06:01.620949825Z"," 70 69 68 68 68 68 68 68  80 69 69 70 68 68 68 68  74 71 69 68 69 69 70 68  76 74 72 70 70 69 69 68  74 74 74 74 71 70 69 63  72 74 75 84 73 69 70 66  73 73 72 75 72 71 74 77  70 70 69 69 70 72 82101"
"2026-09-27T16:06:11.62440617Z"," 69 68 67 67 67 66 67 68  78 69 68 68 67 67 68 68  74 73 70 68 68 68 68 68  75 74 74 71 69 68 68 67  72 74 73 72 70 68 68 63  74 75 75 83 73 69 69 64  73 73 72 75 72 70 73 76  70 70 70 69 69 71 81101"
"2026-09-27T16:06:21.663753502Z"," 70 69 68 68 68 68 69 70  80 70 70 70 69 69 69 69  75 75 73 72 70 69 70 69  77 76 75 73 71 69 69 69  73 74 75 75 72 69 71 64  75 76 76 84 75 71 71 67  73 75 75 77 72 72 74 77  72 72 71 71 71 72 83102"
"2026-09-27T16:06:33.171728979Z"," 69 69 68 68 68 68 68 69  79 70 69 69 68 68 68 69  74 73 71 68 68 69 69 70  75 75 74 71 70 69 69 68  73 74 74 73 71 69 70 63  74 75 76 83 73 70 70 66  74 74 75 76 71 72 74 77  71 71 70 71 71 72 82101"
"2026-09-27T16:06:42.141524007Z"," 70 70 69 68 68 68 68 70  80 70 70 69 69 68 69 69  75 74 72 70 69 69 69 68  76 76 75 74 71 70 68 68  74 75 73 74 71 70 70 64  74 76 77 83 74 70 71 66  74 76 76 77 72 72 75 77  72 71 70 71 71 72 83102"
"2026-09-27T16:06:54.113737733Z"," 69 69 68 68 68 67 68 68  80 69 70 69 68 68 68 68  75 74 71 68 69 68 69 68  74 75 74 72 70 68 68 68  73 74 74 74 70 69 69 63  74 75 75 83 73 71 71 66  74 75 75 78 72 71 74 78  71 71 71 70 70 72 82101"
"2026-09-27T16:07:01.621650708Z"," 68 69 68 68 68 68 69 69  80 70 70 68 69 68 69 70  73 74 72 70 69 69 70 69  75 76 76 72 71 69 68 68  73 75 74 72 70 70 69 65  74 76 77 82 74 71 71 66  74 74 76 77 73 72 76 78  72 72 70 72 71 74 84102"
"2026-09-27T16:07:13.146455636Z"," 70 70 68 68 68 67 69 70  80 70 70 69 68 68 69 69  75 74 72 69 70 70 69 69  75 76 75 73 71 69 69 69  73 75 75 75 71 71 70 64  75 76 76 82 74 71 71 67  74 75 75 77 73 72 76 78  71 72 72 71 71 74 84102"
"2026-09-27T16:07:24.197929874Z"," 70 70 69 68 69 69 69 69  80 71 69 69 69 68 69 69  74 74 71 69 70 69 69 69  76 77 75 74 71 69 68 69  74 74 74 75 72 71 71 65  75 75 77 82 74 70 71 67  74 75 76 77 72 72 76 77  72 72 71 72 70 73 84103"
"2026-09-27T16:07:33.203556148Z"," 70 69 68 69 68 68 69 69  80 71 70 70 68 68 69 70  75 75 72 70 69 70 70 68  75 76 76 73 71 70 69 69  74 75 74 74 71 70 70 65  75 76 76 81 74 72 71 67  73 75 77 77 72 72 75 79  72 72 71 72 71 72 84103"
"2026-09-27T16:07:41.623796753Z"," 69 69 68 68 68 68 68 70  76 69 69 70 68 68 69 69  71 70 69 68 69 70 69 69  74 74 72 71 71 69 69 68  74 75 74 74 71 70 70 63  74 75 74 81 75 70 71 67  74 72 70 73 72 72 75 78  71 70 70 70 70 73 83103"
"2026-09-27T16:07:54.181752131Z"," 70 69 68 69 68 68 69 70  80 70 69 70 68 68 69 69  74 74 71 69 69 69 70 70  76 76 75 74 71 70 69 68  74 75 76 75 71 71 70 64  74 75 77 82 73 71 71 68  74 75 75 76 72 72 75 78  71 72 71 70 71 73 84103"
"2026-09-27T16:08:01.616782676Z"," 70 69 68 69 68 68 69 69  79 70 69 69 69 68 69 70  75 73 70 70 69 70 70 71  76 76 72 71 71 69 70 69  74 75 73 74 72 70 70 65  74 76 77 80 74 71 72 67  74 75 76 73 72 72 76 78  71 72 72 70 70 74 85103"
"2026-09-27T16:08:11.628393346Z"," 69 70 69 68 68 68 69 69  79 70 70 69 68 68 69 69  75 74 72 69 69 70 69 69  75 76 75 74 71 70 69 68  73 75 74 74 72 70 69 64  75 76 76 82 73 72 71 66  74 75 75 75 72 72 75 78  72 72 71 70 71 74 83102"
"2026-09-27T16:08:24.168632965Z"," 70 69 69 68 68 69 69 70  80 70 71 70 68 69 69 70  75 75 72 70 69 69 69 69  76 77 75 74 71 70 69 69  74 74 75 75 71 71 71 65  76 76 76 82 74 71 71 68  75 75 75 76 73 72 77 79  72 72 71 71 71 74 84102"
"2026-09-27T16:08:31.618517048Z"," 71 70 68 68 68 68 70 69  81 70 69 70 69 68 69 70  76 74 72 70 70 69 70 69  76 77 75 74 72 70 69 70  75 75 75 74 72 70 71 65  76 75 77 81 73 71 72 67  74 76 76 76 72 73 76 78  72 72 71 70 70 73 84103"
"2026-09-27T16:08:41.615255948Z"," 69 70 68 68 68 69 68 69  79 70 70 69 68 68 69 69  74 74 72 69 69 69 69 68  75 76 74 75 71 70 69 69  73 74 75 74 71 71 70 65  74 75 76 81 73 70 71 67  73 74 75 75 73 72 75 78  72 72 71 70 70 74 84102"
"2026-09-27T16:08:51.657460779Z"," 69 70 68 69 68 68 68 69  80 70 70 70 69 68 68 69  75 74 71 69 69 70 69 69  75 77 74 74 71 69 69 68  73 74 76 75 71 70 70 64  75 76 75 81 73 70 70 67  74 75 75 75 72 72 75 78  72 72 70 70 70 73 84102"
"2026-09-27T16:09:01.620256762Z"," 69 68 68 68 67 67 68 68  79 69 69 69 68 67 68 68  74 72 71 68 68 68 69 68  75 75 74 71 70 69 68 68  73 73 73 72 70 69 69 63  73 75 74 80 73 70 70 66  73 74 76 74 72 71 75 77  71 72 71 70 70 73 84101"
"2026-09-27T16:09:13.287981715Z"," 70 69 68 68 67 68 69 69  79 70 69 68 68 68 68 69  73 69 68 68 68 68 69 68  74 72 72 70 70 69 68 68  72 73 74 73 71 70 70 64  74 76 75 81 75 70 71 66  73 72 71 72 72 72 74 78  71 70 69 69 70 72 84101"
"2026-09-27T16:09:21.692732962Z"," 69 69 68 69 68 68 69 69  79 71 70 69 68 68 69 69  75 74 72 70 69 70 69 69  76 76 75 72 71 69 69 68  74 75 74 73 72 70 71 66  74 76 76 82 73 72 72 68  74 75 76 77 72 72 75 79  73 72 71 71 71 74 85102"
"2026-09-27T16:09:31.621032447Z"," 70 69 68 68 68 68 69 69  79 69 69 69 68 68 68 69  74 72 70 69 69 69 70 69  75 74 72 71 71 70 69 68  73 74 73 73 71 69 69 63  75 76 77 81 73 71 72 67  74 74 76 73 72 73 75 78  72 72 71 70 70 73 85102"
"2026-09-27T16:09:43.169400142Z"," 70 70 68 68 68 68 68 68  79 70 70 69 69 69 70 69  75 74 72 69 69 70 69 69  76 76 75 74 71 70 69 70  74 75 75 74 72 71 70 65  76 76 76 81 73 72 71 67  74 75 75 76 73 73 75 79  71 72 70 71 72 73 84102"
"2026-09-27T16:09:54.219513085Z"," 69 70 69 69 68 68 68 71  79 71 69 69 69 69 69 70  75 75 71 70 69 69 70 70  75 76 75 73 71 70 69 68  73 75 75 74 71 71 70 66  75 76 75 81 73 71 72 68  73 75 76 76 72 72 75 79  72 72 71 71 71 74 85103"
"2026-09-27T16:10:01.615519261Z"," 71 69 68 68 68 68 69 69  79 70 70 70 68 68 70 70  74 74 72 70 70 69 69 70  75 76 75 74 71 70 69 68  74 75 76 74 72 70 70 65  75 75 76 81 73 71 72 68  74 75 75 76 73 73 76 79  72 72 72 71 71 73 85102"
"2026-09-27T16:10:11.645934273Z"," 70 69 68 68 69 68 69 70  80 69 69 69 68 68 68 69  75 74 72 69 68 69 69 68  76 77 75 73 70 69 69 69  74 75 75 74 71 70 70 64  74 75 75 80 73 72 72 67  74 75 76 76 73 73 76 78  72 72 71 72 71 74 84103"
"2026-09-27T16:10:21.652091426Z"," 69 69 68 68 68 68 69 70  80 70 69 69 68 68 69 69  72 70 70 69 69 69 69 69  76 76 75 73 71 69 69 69  74 75 74 75 72 70 71 65  75 75 75 80 74 71 72 68  74 75 75 77 73 73 75 79  73 74 72 71 71 75 84102"
"2026-09-27T16:10:33.208181568Z"," 70 70 69 70 69 68 69 70  79 70 70 69 69 68 70 71  75 74 73 71 70 69 70 69  76 76 75 71 71 70 69 69  74 74 74 74 72 71 71 65  74 75 75 81 73 72 72 68  75 75 76 76 72 74 76 79  72 71 72 71 72 73 86102"
"2026-09-27T16:10:41.614881827Z"," 69 69 68 68 67 68 68 68  79 69 68 68 68 68 68 68  74 73 71 68 69 69 70 68  76 75 75 71 70 70 69 68  74 74 74 72 70 70 70 64  74 75 75 78 72 70 71 66  73 74 75 75 72 72 75 78  72 71 71 70 71 72 84101"
"2026-09-27T16:10:53.26649635Z"," 68 70 69 68 68 68 69 70  79 70 70 69 69 69 69 70  75 74 72 70 69 69 70 69  76 77 76 73 71 70 69 69  74 75 74 73 72 71 70 66  75 75 75 79 74 71 72 68  74 75 75 76 72 73 77 79  71 72 71 72 70 73 85102"
"2026-09-27T16:11:01.610291695Z"," 70 70 69 69 68 68 68 69  79 71 69 69 69 68 68 69  75 75 72 70 70 69 70 69  76 76 75 74 70 71 70 69  74 76 75 74 72 71 70 65  75 76 75 79 74 72 71 68  74 75 75 77 73 74 76 79  71 71 70 70 71 73 84101"
"2026-09-27T16:11:11.614194337Z"," 68 68 68 68 68 68 69 69  79 70 69 69 68 68 69 69  74 72 69 68 69 68 68 68  75 75 72 70 70 68 68 68  73 73 72 74 71 70 69 63  74 74 74 78 73 71 70 67  74 74 72 74 72 73 75 79  72 70 69 70 70 73 84101"
"2026-09-27T16:11:21.652362793Z"," 68 68 68 68 67 68 68 69  78 70 70 69 68 68 69 68  75 74 75 70 68 69 69 69  75 75 73 71 70 69 68 68  73 74 73 74 71 70 70 65  74 74 74 79 72 71 71 66  73 75 74 75 72 72 75 79  71 71 70 69 70 73 84101"
"2026-09-27T16:11:31.611407538Z"," 69 68 68 68 67 68 68 68  77 71 69 69 68 68 68 69  74 74 71 69 68 69 68 68  75 75 75 74 70 69 69 68  72 74 74 74 71 70 70 64  73 74 74 78 73 70 71 66  73 75 74 74 72 72 75 79  70 71 70 71 70 74 84101"
"2026-09-27T16:11:41.6226169Z"," 69 69 68 68 68 68 68 69  79 70 70 70 68 68 68 69  75 74 72 69 69 69 69 68  76 76 75 72 71 69 69 69  74 75 74 72 71 71 70 65  74 75 75 78 73 72 72 66  74 74 75 75 72 73 75 79  72 72 70 71 71 74 84101"
"2026-09-27T16:11:52.582240727Z"," 70 69 68 68 68 68 69 69  79 70 70 69 69 68 69 68  75 74 71 69 69 70 70 69  76 76 74 74 70 70 69 68  74 75 75 74 70 70 70 64  74 75 74 79 73 71 72 67  74 75 75 75 73 73 76 78  72 72 71 70 71 74 85101"
"2026-09-27T16:12:01.606437796Z"," 69 69 68 68 68 68 69 70  79 70 69 69 69 69 69 70  75 74 72 70 69 69 70 69  75 76 75 74 72 69 69 69  74 75 74 74 71 71 71 66  74 75 75 79 72 72 71 68  73 76 75 75 72 73 77 79  72 72 70 71 71 75 85102"
"2026-09-27T16:12:13.290229799Z"," 69 68 68 68 68 68 69 69  79 69 69 69 69 68 70 70  75 74 72 70 69 70 70 69  75 76 75 74 72 70 69 69  74 75 74 74 71 71 71 65  75 76 75 79 74 71 72 68  74 76 76 76 72 73 77 79  71 72 72 72 71 75 84101"
"2026-09-27T16:12:21.645863751Z"," 70 69 68 68 68 68 69 69  79 71 69 69 69 69 70 70  75 74 72 70 70 69 69 69  76 77 75 72 71 70 70 69  74 75 74 73 71 71 70 66  75 76 75 79 73 72 72 67  74 75 76 76 72 73 76 79  72 72 71 71 71 74 84101"
"2026-09-27T16:12:33.386773793Z"," 69 70 70 68 68 68 69 69  79 70 69 69 69 69 70 69  75 74 71 69 70 70 69 69  76 76 75 72 70 70 69 69  74 75 74 72 71 71 71 65  74 76 74 78 73 72 72 68  74 75 75 76 72 73 76 79  72 72 71 71 72 75 85101"
"2026-09-27T16:12:41.604826387Z"," 69 69 69 68 68 68 68 70  77 69 68 69 69 68 69 69  72 70 69 69 69 69 70 69  74 74 72 71 71 70 69 69  73 74 74 75 72 70 69 65  75 75 74 80 75 71 72 68  73 72 70 74 72 73 77 79  71 70 69 69 71 75 84101"
"2026-09-27T16:12:53.045184892Z"," 70 70 69 69 68 69 69 70  80 70 70 70 68 69 69 70  75 75 72 69 70 70 70 70  76 77 75 72 70 70 70 69  75 75 75 73 71 72 70 66  75 76 76 79 73 71 72 68  74 76 75 77 74 74 77 79  73 72 71 71 72 74 85102"
"2026-09-27T16:13:02.411022696Z"," 70 69 69 68 70 69 68 71  80 71 70 70 69 69 70 70  75 76 72 70 70 70 70 71  77 76 76 72 72 70 69 70  74 75 75 73 71 71 71 66  75 76 75 78 73 72 72 68  75 74 76 77 73 74 77 80  72 72 72 71 72 75 84102"
"2026-09-27T16:13:11.603144421Z"," 71 70 68 69 68 68 70 69  79 70 70 70 69 69 70 69  75 75 72 70 70 70 71 69  77 77 76 74 71 70 70 69  75 75 76 74 72 71 72 66  75 76 75 79 74 72 72 68  73 76 76 77 73 74 77 79  72 72 71 72 71 74 85101"
"2026-09-27T16:13:24.309389602Z"," 69 69 68 68 68 68 68 69  78 69 69 69 68 68 68 68  75 74 71 69 69 69 69 69  75 75 75 72 70 70 69 69  73 74 73 72 71 71 70 65  75 75 74 78 72 71 72 67  74 75 75 76 72 73 76 79  70 71 71 70 70 74 84101"
"2026-09-27T16:13:33.315655647Z"," 69 70 69 68 68 68 69 69  78 71 71 69 69 69 69 70  75 74 72 69 69 70 70 69  76 77 75 71 71 70 70 69  74 75 73 72 72 71 71 67  75 76 74 78 72 72 72 68  74 76 75 77 72 73 77 79  72 72 71 72 72 74 85101"
"2026-09-27T16:13:42.32161728Z"," 69 69 69 69 68 68 70 69  78 70 70 69 68 68 69 68  75 74 72 69 69 69 70 69  76 76 75 73 71 69 69 69  74 75 74 73 71 71 70 65  75 76 75 77 73 72 71 67  74 75 75 77 72 73 76 79  71 72 71 71 71 74 84101"
"2026-09-27T16:13:54.294904827Z"," 70 70 68 69 69 68 69 71  80 71 69 70 69 70 69 70  76 74 72 70 70 70 70 69  76 76 75 72 71 70 69 69  74 75 75 73 72 71 71 66  76 76 76 77 73 72 72 68  75 75 76 77 73 73 77 79  71 72 71 72 72 75 85101"
"2026-09-27T16:14:01.607926516Z"," 69 69 68 69 69 69 69 70  78 70 69 69 69 69 69 70  75 70 69 68 69 69 69 69  76 74 72 72 71 70 68 69  73 72 74 74 72 71 71 65  74 74 74 80 74 72 72 67  73 72 71 73 72 73 77 80  70 70 69 70 71 73 84101"
"2026-09-27T16:14:11.601028553Z"," 68 68 68 67 68 68 68 68  77 70 68 68 68 68 68 68  74 74 71 68 68 68 69 68  75 75 74 70 69 69 68 67  72 74 72 72 70 69 69 64  74 75 72 76 72 71 69 66  73 74 73 74 72 72 75 78  70 71 69 70 69 73 84100"
"2026-09-27T16:14:22.535584991Z"," 70 69 68 68 68 67 68 69  79 69 69 69 68 68 69 69  75 73 72 69 69 69 70 69  75 76 74 73 71 69 69 69  73 75 74 75 72 72 71 65  75 75 74 77 72 72 72 68  75 75 76 74 72 73 76 79  71 72 71 71 71 75 84100"
"2026-09-27T16:14:31.599446864Z"," 69 68 68 68 68 68 68 69  80 69 69 69 68 69 68 68  75 74 72 69 69 70 70 69  76 77 74 70 70 70 69 68  73 75 74 72 71 71 71 65  74 76 74 77 73 72 72 69  73 75 75 75 72 73 76 80  72 72 71 70 71 74 84101"
"2026-09-27T16:14:41.600180837Z"," 70 69 68 68 68 68 69 70  79 70 70 69 69 68 69 69  75 75 72 70 70 69 69 69  76 77 74 70 71 70 69 69  73 74 74 73 72 71 71 65  75 74 74 77 73 72 72 68  74 75 74 75 72 74 76 78  72 72 71 70 71 74 84101"
"2026-09-27T16:14:54.361792393Z"," 70 69 69 69 68 68 69 69  78 71 70 68 69 68 69 69  76 74 72 70 69 70 69 70  75 77 75 74 71 70 69 70  74 75 74 73 71 71 71 66  74 76 75 77 73 72 72 68  74 75 75 75 73 73 77 80  72 72 71 70 70 73 84100"
"2026-09-27T16:15:01.598493713Z"," 68 69 68 68 68 69 68 69  79 70 69 70 68 69 69 70  74 75 72 70 69 70 69 69  76 77 75 74 71 71 68 69  73 74 74 73 71 71 71 65  75 75 74 76 72 72 72 68  74 74 75 75 72 73 76 79  71 71 72 70 71 73 83100"
"2026-09-27T16:15:11.597160126Z"," 69 70 69 68 68 69 69 70  79 71 70 69 69 69 70 70  75 74 72 70 69 70 70 70  76 77 75 75 72 70 70 70  75 75 74 73 72 71 71 66  75 76 74 77 73 72 72 68  75 75 76 76 72 74 76 79  72 71 72 71 72 74 84101"
"2026-09-27T16:15:21.638818005Z"," 70 68 69 68 69 68 68 69  78 70 70 69 68 69 69 69  75 74 72 71 69 69 69 68  76 76 75 71 71 70 69 70  74 75 74 73 72 71 71 65  75 76 74 76 72 72 72 68  74 74 75 75 72 73 76 79  70 72 70 70 71 74 84100"
"2026-09-27T16:15:33.352221239Z"," 68 68 68 68 66 67 68 68  77 69 68 68 67 67 68 68  74 72 69 68 68 68 68 68  75 75 75 70 70 69 69 68  72 73 72 71 70 70 69 65  74 74 72 75 72 71 71 67  73 73 73 72 71 73 76 78  71 71 69 69 69 73 83 99"
"2026-09-27T16:15:41.608749812Z"," 70 70 68 69 69 69 69 70  79 71 70 69 69 68 69 70  75 74 72 70 70 70 69 70  76 77 76 72 72 71 70 69  74 75 74 72 72 71 72 66  76 76 75 76 72 72 73 69  75 75 75 76 73 74 77 79  72 72 72 71 71 74 84100"
"2026-09-27T16:15:51.646055921Z"," 69 69 68 68 68 68 68 68  78 70 69 69 69 68 68 69  75 74 71 69 69 69 70 69  75 77 74 74 71 70 68 68  73 74 73 72 71 70 69 66  75 76 74 75 72 72 71 68  74 75 75 74 72 73 76 79  72 70 71 70 70 73 84100"
"2026-09-27T16:16:01.6100312Z"," 69 69 68 68 68 68 68 71  78 71 69 69 68 68 69 69  75 74 70 69 69 69 69 69  75 77 75 72 71 70 69 69  73 75 74 73 71 71 70 65  74 75 73 75 72 71 72 69  74 75 75 75 72 73 76 79  72 71 69 70 70 73 84100"
"2026-09-27T16:16:11.595208601Z"," 69 69 69 68 68 68 69 70  78 70 70 69 68 68 68 69  76 74 72 70 70 70 70 69  76 77 75 74 70 70 69 70  73 75 74 73 72 71 71 66  75 76 74 76 73 72 72 68  74 75 75 74 72 74 77 80  72 71 71 71 71 74 84100"
"2026-09-27T16:16:21.732247965Z"," 70 69 68 68 68 68 68 70  78 70 69 69 68 69 69 71  75 74 71 69 69 70 69 70  76 76 74 73 71 70 68 68  74 75 75 73 72 71 71 66  76 75 74 76 73 72 72 68  74 74 75 75 72 73 76 79  72 72 71 70 71 73 84 99"
"2026-09-27T16:16:33.331176812Z"," 69 70 68 68 68 68 68 69  78 70 70 69 68 68 68 69  75 74 72 69 69 69 70 68  76 77 74 74 71 70 70 69  74 75 74 73 71 71 71 66  75 76 75 76 72 72 72 68  74 74 76 75 72 72 76 79  71 71 71 70 71 74 84100"
"2026-09-27T16:16:41.59419462Z"," 69 69 68 68 68 68 68 69  78 71 69 69 68 69 69 69  74 74 72 69 69 70 69 69  76 76 72 70 71 70 69 70  73 75 73 72 72 71 70 65  75 76 74 75 72 72 72 68  74 75 74 75 73 72 76 80  72 71 70 71 71 74 84100"
"2026-09-27T16:16:51.641346649Z"," 68 68 68 68 68 68 68 68  75 68 68 68 68 68 68 68  72 68 68 68 69 69 69 69  74 74 72 70 70 69 68 68  72 73 72 73 71 70 70 65  72 74 73 76 73 70 72 68  71 72 71 73 72 72 77 79  70 70 69 69 71 73 84100"
"2026-09-27T16:17:01.594068907Z"," 69 68 68 68 68 68 69 69  79 70 69 68 68 69 69 69  75 75 71 69 69 70 70 70  76 75 75 72 72 70 69 68  74 74 73 72 72 71 71 66  75 74 74 75 72 72 71 68  74 76 74 75 72 73 76 79  71 71 71 70 71 74 84 99"
"2026-09-27T16:17:11.592192367Z"," 69 69 68 68 68 68 69 71  77 70 70 69 68 68 68 70  74 74 72 68 68 68 70 69  76 76 75 73 71 70 69 69  73 74 74 74 71 71 71 65  75 75 74 77 74 72 72 68  73 75 74 74 72 73 76 79  71 71 70 70 70 75 83 99"
"2026-09-27T16:17:24.384568206Z"," 70 69 68 68 67 68 69 69  78 69 70 68 68 68 69 70  74 74 72 69 70 69 70 69  76 76 75 73 70 69 70 69  73 74 74 73 72 71 70 65  74 75 74 77 73 72 72 69  74 75 75 75 72 74 77 79  71 72 71 70 70 74 83101"
"2026-09-27T16:17:31.595692305Z"," 68 68 67 68 67 67 68 68  77 70 68 68 68 68 68 68  73 73 71 68 68 69 69 68  75 75 74 71 70 69 68 68  72 73 73 72 70 69 69 64  74 75 73 76 72 71 71 67  73 75 73 74 72 72 75 78  70 70 69 70 70 74 83 99"
"2026-09-27T16:17:41.588554279Z"," 69 69 68 68 68 68 69 70  77 69 69 69 68 68 69 70  74 74 71 69 69 69 70 70  76 76 75 73 71 70 69 69  73 74 74 74 71 71 71 65  74 76 74 76 73 72 72 68  74 75 75 75 73 73 76 79  71 71 70 70 71 74 83100"
"2026-09-27T16:17:53.342290129Z"," 70 69 68 68 68 68 69 70  78 70 70 70 68 69 69 70  74 74 71 69 69 69 69 70  76 77 76 75 72 70 68 69  74 75 74 75 72 71 70 67  75 75 74 77 74 72 72 68  74 75 75 75 72 73 76 79  71 71 70 70 71 75 84 99"
"2026-09-27T16:18:01.595675632Z"," 70 69 68 68 68 68 68 69  78 71 70 69 68 68 68 69  75 74 70 69 69 69 70 70  76 77 75 73 71 70 70 68  74 75 74 74 72 72 71 67  74 76 74 77 73 72 72 68  74 74 75 74 72 74 77 80  71 71 71 71 72 74 84 99"
"2026-09-27T16:18:11.589070188Z"," 70 69 68 68 68 68 69 69  78 69 68 68 69 68 68 70  75 73 71 68 69 69 70 70  76 76 74 72 71 70 69 69  74 74 75 74 71 71 70 66  74 75 73 73 72 71 72 68  72 74 72 72 72 72 77 79  70 69 69 70 70 74 83 99"
"2026-09-27T16:18:21.628970886Z"," 68 69 67 67 66 67 67 68  77 69 68 67 67 67 67 68  75 74 71 68 68 69 68 68  76 75 73 72 70 69 68 68  73 73 73 73 70 69 70 65  72 73 72 75 72 70 71 66  73 73 71 72 71 72 75 78  69 68 68 68 70 73 82 99"
"2026-09-27T16:18:31.590611391Z"," 68 69 68 67 68 67 68 69  77 68 68 69 68 68 68 69  74 73 70 68 68 68 69 68  76 75 74 72 71 69 69 69  73 73 73 70 71 70 70 68  74 74 72 63 70 71 71 69  73 73 72 69 70 72 76 79  70 69 69 68 69 74 83 99"
"2026-09-27T16:18:41.59188366Z"," 69 68 68 68 68 68 68 70  77 69 68 68 68 69 69 69  72 69 69 68 69 69 70 69  73 74 72 71 71 70 69 69  73 73 72 71 71 71 71 68  73 74 72 64 71 71 72 70  72 71 69 70 71 73 76 80  70 68 68 68 70 74 83 99"
"2026-09-27T16:18:51.625759405Z"," 69 69 69 68 68 68 68 69  78 69 69 69 68 68 70 69  75 74 71 69 70 70 70 69  77 77 76 71 71 71 70 70  73 75 73 70 71 71 71 69  74 75 72 64 70 72 72 72  74 75 74 73 71 74 76 80  70 72 69 69 70 74 83 99"
"2026-09-27T16:19:03.754745302Z"," 69 70 69 69 68 69 70 71  78 70 70 70 68 69 69 71  76 75 72 70 69 70 71 70  77 77 75 74 71 71 69 70  74 74 74 71 72 71 71 69  75 76 72 64 71 72 72 72  74 75 72 71 72 74 77 80  70 71 72 69 71 74 84 99"
"2026-09-27T16:19:11.594087172Z"," 68 68 67 67 67 68 68 69  76 68 68 68 68 68 68 69  69 67 68 68 68 68 70 69  68 68 69 68 70 68 69 69  71 70 71 70 70 71 71 69  72 72 71 63 71 71 72 70  73 70 68 69 70 73 75 80  69 69 68 68 70 73 83 99"
"2026-09-27T16:19:21.62721444Z"," 68 68 67 67 67 68 69 69  75 67 68 68 67 68 68 69  68 67 68 68 68 68 68 68  67 68 68 68 68 69 68 69  66 67 67 69 70 70 70 68  66 67 66 63 69 71 71 70  65 67 67 69 70 72 76 79  67 66 67 68 69 73 83 99"
"2026-09-27T16:19:31.585276662Z"," 69 69 68 68 67 68 68 69  77 69 69 68 67 68 69 69  74 73 70 68 69 69 69 69  75 74 72 71 70 70 69 69  73 73 72 71 71 71 71 69  73 74 72 63 71 72 72 71  72 74 73 70 71 73 76 79  70 71 69 69 69 73 84 99"
"2026-09-27T16:19:41.590318667Z"," 70 70 68 68 69 68 69 71  78 71 71 71 68 69 70 70  75 74 72 70 70 70 71 70  76 77 75 73 72 71 69 71  74 75 73 72 72 72 72 71  75 75 73 64 72 72 72 72  76 74 74 72 72 73 77 81  72 72 72 70 71 74 85 99"
"2026-09-27T16:19:51.624790398Z"," 70 69 68 68 68 68 70 69  78 70 69 69 69 68 69 70  74 74 72 69 70 69 70 71  75 76 74 73 71 70 70 70  74 75 73 72 72 71 72 70  74 75 72 64 71 72 73 72  74 74 72 71 72 73 77 80  71 70 69 70 71 75 84 99"
"2026-09-27T16:20:01.58260373Z"," 69 70 68 68 68 68 69 69  77 70 69 68 69 68 70 71  74 74 71 70 69 70 70 70  75 75 74 72 71 71 69 70  73 73 72 70 71 71 71 69  75 75 73 64 71 72 72 72  74 74 73 72 72 73 76 79  72 72 71 69 70 74 84 99"
"2026-09-27T16:20:11.587608299Z"," 70 69 68 68 68 68 69 70  78 69 69 70 69 69 70 71  74 74 71 70 69 70 70 69  75 75 74 72 71 70 70 70  74 74 73 71 71 71 71 70  74 75 72 65 71 72 72 72  74 75 74 71 71 72 76 81  71 72 70 69 70 74 84 99"
"2026-09-27T16:20:21.631950789Z"," 69 68 68 68 68 67 68 69  77 70 68 69 68 69 69 70  75 72 71 69 69 69 69 70  74 76 74 73 70 70 68 70  74 73 73 71 70 70 70 69  74 74 72 65 70 72 72 72  73 73 73 71 71 73 76 79  71 73 70 69 70 74 82 98"
"2026-09-27T16:20:31.585349539Z"," 70 69 68 68 68 68 68 68  78 69 69 69 68 68 69 69  75 73 71 69 69 69 70 70  75 76 74 74 71 70 70 70  74 75 72 72 71 72 71 70  74 75 72 65 71 72 72 72  75 74 74 71 71 73 75 81  72 71 69 70 70 73 84 98"
"2026-09-27T16:20:43.421015701Z"," 69 68 68 68 68 68 68 68  77 69 68 69 68 68 68 70  73 73 71 68 68 69 69 69  75 75 75 72 70 70 69 69  72 74 73 71 70 71 71 68  75 75 72 64 70 72 72 71  72 74 74 72 71 73 75 79  70 72 69 68 70 72 82 97"
"2026-09-27T16:20:53.450974009Z"," 69 69 67 68 68 68 68 69  78 69 68 69 68 68 70 70  74 73 71 69 69 69 69 68  75 76 75 72 71 69 70 69  73 74 72 70 71 71 72 70  74 75 73 64 71 71 72 72  73 74 74 72 72 73 76 79  72 72 71 70 71 74 83 99"
"2026-09-27T16:21:01.584234761Z"," 67 68 66 68 67 68 68 68  77 69 68 68 67 68 68 68  73 72 70 68 68 68 69 68  75 75 73 71 70 70 68 69  72 73 72 69 70 70 70 69  74 74 71 63 69 71 71 70  73 73 73 70 71 72 75 78  71 70 69 68 69 73 82 98"
"2026-09-27T16:21:13.407974648Z"," 69 68 67 67 67 67 68 69  77 69 69 68 68 68 68 68  74 74 70 68 68 69 69 69  74 76 74 73 71 70 69 68  72 73 72 71 70 71 71 69  74 74 73 65 70 71 71 71  72 73 73 71 70 72 75 79  71 72 70 69 68 73 82 96"
"2026-09-27T16:21:21.626568633Z"," 69 68 68 68 68 68 68 69  77 68 69 69 69 68 68 68  73 72 69 69 69 69 69 68  76 76 75 72 71 69 70 70  73 74 73 71 72 71 71 69  74 74 73 65 71 72 72 72  73 73 73 71 71 73 75 79  72 72 71 70 70 74 83 97"
"2026-09-27T16:21:31.583121844Z"," 70 68 68 68 68 68 68 69  77 68 69 68 68 68 68 69  74 73 70 68 68 69 69 68  75 75 75 72 70 70 68 68  73 74 73 70 71 70 71 69  73 74 72 64 71 71 72 71  73 73 73 71 71 72 75 79  71 72 70 68 70 73 82 97"
"2026-09-27T16:21:43.113998927Z"," 68 68 68 67 68 68 69 69  77 69 69 69 68 68 68 69  73 72 70 68 68 69 70 69  75 75 74 71 70 70 69 69  73 74 73 69 70 71 72 70  74 75 72 64 71 72 72 72  73 73 74 71 72 73 77 80  71 71 69 69 70 74 83 99"
"2026-09-27T16:21:54.445898998Z"," 69 68 68 67 67 68 68 69  77 70 69 69 68 68 69 69  74 72 70 68 68 69 70 69  75 75 74 71 70 70 69 69  73 73 73 70 71 71 70 70  74 74 72 65 70 71 71 72  73 74 73 71 70 72 76 79  70 70 70 69 70 74 82 98"
"2026-09-27T16:22:01.58284479Z"," 69 68 68 69 68 69 69 70  77 69 70 69 68 69 69 69  74 73 71 69 69 69 70 70  77 76 75 73 72 70 70 70  74 74 74 72 72 72 72 70  75 75 73 66 72 72 73 72  74 74 73 73 72 74 77 81  72 72 70 70 71 74 83 98"
"2026-09-27T16:22:13.477210024Z"," 69 70 68 68 68 68 69 70  77 70 69 69 68 68 69 70  74 73 71 69 69 69 70 69  75 76 74 72 71 70 70 69  74 74 73 72 72 71 71 70  73 75 72 65 72 71 72 71  74 73 73 71 72 73 77 80  72 71 70 70 72 75 84 99"
"2026-09-27T16:22:24.42435336Z"," 68 69 68 68 67 68 68 69  77 69 68 68 68 68 68 69  74 72 69 68 69 68 68 70  75 75 73 70 70 70 69 70  72 73 72 70 71 71 71 68  73 75 72 64 70 71 72 71  73 72 73 72 71 72 75 79  70 71 69 70 70 74 82 97"
"2026-09-27T16:22:31.579762636Z"," 69 69 68 68 68 69 69 70  77 70 70 69 69 68 69 70  74 73 72 69 70 69 71 69  75 76 75 71 71 71 70 70  73 75 73 70 71 72 72 70  75 76 73 65 72 72 72 72  74 73 75 73 72 74 76 81  72 72 70 70 71 74 83 98"
"2026-09-27T16:22:41.578858992Z"," 70 68 69 67 68 69 68 68  77 69 69 68 68 68 68 70  74 73 71 69 69 70 70 69  76 76 75 73 72 70 70 70  74 74 73 71 71 71 72 70  74 75 72 67 70 72 72 72  74 74 74 71 72 73 76 80  70 72 71 70 71 74 83 98"
"2026-09-27T16:22:51.618461619Z"," 70 68 67 68 68 68 68 69  77 69 68 68 68 67 68 69  73 73 70 68 68 69 69 68  75 75 74 72 70 69 69 68  73 73 72 69 70 70 71 70  73 74 72 65 70 72 72 71  71 72 70 70 71 73 75 80  70 69 68 69 70 74 82 97"
"2026-09-27T16:23:03.515895211Z"," 69 69 68 68 68 68 69 69  77 69 69 68 68 68 69 69  74 72 71 69 69 69 69 69  76 75 75 71 71 69 70 70  74 73 73 69 71 72 71 69  73 74 72 65 71 71 72 71  73 74 74 72 72 72 76 79  72 72 71 70 71 74 83 97"
"2026-09-27T16:23:11.578992032Z"," 69 69 68 68 68 67 68 69  77 69 69 69 68 68 68 70  74 73 70 68 69 69 69 70  75 75 74 73 70 70 69 71  72 74 73 70 70 71 70 70  73 74 73 66 71 72 71 72  74 74 73 72 72 73 76 80  72 72 70 70 71 73 83 97"
"2026-09-27T16:23:24.495640014Z"," 69 70 68 68 69 68 69 70  77 70 68 69 68 68 69 70  75 74 71 69 69 69 71 70  76 77 74 73 71 70 70 70  73 75 74 70 71 71 72 70  74 75 73 66 72 72 73 72  74 74 74 73 72 72 76 80  71 72 71 71 72 74 83 97"
"2026-09-27T16:23:33.499623229Z"," 69 69 68 68 68 68 68 69  76 69 69 69 68 68 68 70  74 73 70 68 69 68 70 69  75 76 74 72 71 70 69 70  74 74 73 71 70 71 71 70  74 75 72 67 72 72 72 71  73 74 74 71 72 73 76 80  71 72 70 68 70 74 82 97"
"2026-09-27T16:23:41.603163265Z"," 69 69 68 68 68 68 68 69  77 69 69 68 68 68 68 69  73 72 69 68 69 69 70 69  76 75 75 72 71 69 69 68  72 74 72 70 70 71 71 70  74 74 72 66 71 72 72 72  73 73 73 71 71 72 76 79  71 71 69 69 70 73 82 96"
"2026-09-27T16:23:51.615855746Z"," 69 69 68 68 68 68 68 69  77 69 69 69 68 68 68 69  74 74 70 69 70 69 70 70  77 76 74 73 71 70 69 70  72 74 73 71 71 70 71 69  74 76 73 66 71 72 72 71  73 74 73 72 71 73 76 79  71 71 69 70 70 74 82 96"
"2026-09-27T16:24:01.575543543Z"," 69 69 68 68 68 68 70 69  77 69 69 69 68 69 69 69  75 74 71 69 69 69 70 69  76 75 75 72 72 70 70 70  74 74 71 70 71 72 72 70  73 74 72 67 71 72 72 71  73 72 70 71 72 73 75 79  70 70 69 68 71 73 82 97"
"2026-09-27T16:24:11.573774601Z"," 70 68 68 67 68 68 68 68  77 70 70 69 68 68 69 69  76 73 72 69 69 69 70 69  77 75 74 71 70 70 69 69  73 74 72 69 71 71 70 70  74 75 73 66 71 71 72 72  74 73 72 72 71 73 76 80  69 69 68 70 70 74 82 97"
"2026-09-27T16:24:22.008230307Z"," 68 67 67 67 66 67 68 67  76 67 67 68 67 67 67 68  72 72 69 67 68 67 68 68  75 74 72 71 69 68 67 68  72 72 71 68 68 69 69 68  72 73 72 64 69 69 71 71  72 73 72 69 70 71 74 78  69 69 68 68 69 73 81 95"
"2026-09-27T16:24:31.573026385Z"," 69 68 68 68 68 68 69 69  77 69 68 68 69 68 69 69  74 73 70 68 69 69 70 70  76 76 73 71 70 71 70 70  73 74 72 69 71 71 72 70  73 75 73 67 71 72 73 72  73 74 73 72 71 74 76 80  71 71 70 69 71 74 82 96"
"2026-09-27T16:24:43.494925098Z"," 69 70 68 69 68 69 68 70  77 70 70 70 69 68 70 70  75 74 73 72 69 69 71 70  78 77 74 73 71 70 71 71  73 74 73 71 71 72 72 71  74 75 73 67 72 72 73 72  73 74 74 72 72 74 76 80  72 72 70 70 70 74 83 98"
"2026-09-27T16:24:53.524170017Z"," 70 70 69 68 69 68 69 70  77 70 69 70 69 69 69 70  74 75 72 70 69 70 71 70  77 77 75 73 72 70 70 69  74 75 73 71 72 72 72 70  74 75 74 68 72 72 73 72  74 74 74 71 72 73 76 81  71 72 70 69 71 74 84 97"
"2026-09-27T16:25:01.573483992Z"," 68 69 67 67 67 68 68 69  77 70 68 69 68 68 70 69  73 73 72 70 68 69 70 68  74 76 73 72 70 70 68 70  72 73 72 71 70 70 71 70  73 74 72 66 70 71 72 71  73 73 72 70 71 72 75 80  70 70 70 68 70 73 82 96"
"2026-09-27T16:25:11.57072814Z"," 70 69 68 68 68 68 69 70  77 69 69 69 69 68 69 69  74 74 72 69 69 69 70 69  75 75 75 72 71 70 70 70  73 74 74 71 71 71 72 70  75 75 73 67 71 72 72 72  74 75 73 72 71 73 76 80  71 71 69 69 71 73 83 97"
"2026-09-27T16:25:21.613193813Z"," 71 69 69 69 68 69 69 71  77 70 70 70 69 69 69 69  76 75 73 72 69 70 71 70  76 77 75 73 72 71 70 70  73 74 73 71 71 72 72 71  75 74 72 67 71 73 72 72  74 75 72 72 72 73 75 81  71 70 69 69 71 74 83 96"
"2026-09-27T16:25:31.571644444Z"," 70 70 68 68 68 69 69 69  77 70 69 69 69 68 69 69  74 74 72 70 69 70 70 71  75 76 74 73 71 70 70 70  73 74 73 71 71 72 72 70  74 75 73 67 72 72 72 72  74 75 73 73 72 73 76 79  71 71 70 69 71 74 82 96"
"2026-09-27T16:25:41.573296636Z"," 70 70 69 68 68 68 69 69  77 70 69 70 69 69 70 69  74 74 71 70 69 69 71 70  76 76 75 73 71 71 70 70  73 74 74 71 71 72 72 71  75 75 73 68 72 72 72 72  74 75 75 73 72 73 77 80  71 70 70 69 71 74 83 96"
"2026-09-27T16:25:52.006904749Z"," 69 68 68 67 68 68 68 69  77 69 69 69 68 68 68 68  74 73 71 68 69 69 70 69  75 76 75 72 70 70 69 69  72 74 72 70 70 72 70 69  74 75 73 67 71 72 72 72  73 74 73 72 71 72 76 79  71 71 69 70 70 74 81 96"
"2026-09-27T16:26:01.599082042Z"," 69 68 68 67 67 68 68 70  77 69 69 69 68 68 68 70  74 73 70 69 69 69 69 69  75 76 74 72 70 70 69 70  73 74 73 70 71 71 71 69  73 75 73 67 71 72 72 71  73 74 72 72 72 72 76 80  71 71 70 69 71 74 81 96"
"2026-09-27T16:26:11.575410325Z"," 68 69 68 68 68 69 69 70  77 69 69 68 69 68 69 69  74 72 70 68 69 69 69 69  76 75 75 72 70 70 70 70  74 74 73 70 71 71 72 70  73 74 73 67 70 71 72 72  74 75 74 73 71 73 76 79  71 72 70 70 70 73 82 96"
"2026-09-27T16:26:21.613258442Z"," 68 69 68 68 68 67 68 69  76 69 68 69 68 68 68 70  75 73 70 69 68 69 69 69  76 75 74 72 70 71 69 69  74 74 73 71 71 71 71 70  74 75 73 68 71 72 72 72  74 74 73 73 71 72 75 80  71 72 70 70 71 75 82 97"
"2026-09-27T16:26:31.56553869Z"," 68 68 68 67 68 68 68 70  76 69 68 68 68 68 68 68  74 72 71 69 70 69 69 69  76 76 74 72 70 70 69 70  73 74 73 69 70 71 71 70  74 75 72 67 71 72 72 72  74 73 75 73 71 72 76 78  70 71 70 70 69 73 81 95"
"2026-09-27T16:26:41.567493143Z"," 68 68 67 68 68 68 68 68  76 69 68 68 67 68 68 69  73 73 69 68 69 69 69 70  76 75 74 72 70 69 69 70  72 74 72 70 70 71 71 69  72 74 72 67 71 71 72 71  73 71 69 71 71 72 75 78  70 69 67 68 70 73 81 95"
"2026-09-27T16:26:51.614882681Z"," 69 68 67 68 67 67 68 69  76 69 68 69 68 68 68 68  74 72 70 68 68 69 69 69  76 76 74 72 70 69 68 69  73 73 72 70 70 70 71 69  74 75 72 68 71 72 72 72  73 74 73 72 71 72 75 79  71 71 70 69 70 73 81 95"
"2026-09-27T16:27:04.515220645Z"," 67 68 67 66 68 67 67 68  75 68 68 68 67 68 68 68  73 72 69 68 68 68 68 68  75 75 73 70 69 69 68 68  72 72 72 69 69 71 69 68  73 74 72 66 70 71 71 71  72 73 72 71 71 72 74 79  71 70 68 68 70 72 81 95"
"2026-09-27T16:27:11.570006202Z"," 69 68 68 68 68 68 68 69  77 69 69 69 68 69 69 69  74 73 71 68 69 69 70 69  75 76 74 72 70 70 69 70  73 74 73 72 71 72 71 70  74 74 72 68 71 71 72 72  74 74 71 72 72 72 75 79  72 71 71 69 71 73 81 95"
"2026-09-27T16:27:21.606130525Z"," 68 69 68 68 68 68 69 69  77 69 70 68 69 68 70 70  74 74 70 69 69 69 70 70  76 76 75 72 70 70 70 70  73 75 73 70 72 72 72 70  74 75 74 68 72 72 72 72  73 75 74 74 72 73 76 80  71 72 70 71 71 74 82 95"
"2026-09-27T16:27:31.578123485Z"," 69 69 68 68 68 68 68 70  77 69 68 69 68 68 69 69  73 73 71 69 69 70 69 69  76 76 75 73 71 70 70 70  74 74 74 72 71 72 72 71  74 75 73 69 71 71 72 72  73 75 74 74 72 72 76 80  71 72 69 70 71 74 82 96"
"2026-09-27T16:27:43.602777666Z"," 69 69 68 68 68 68 68 69  77 69 68 69 68 68 68 68  74 73 71 69 69 69 70 69  76 76 74 73 71 71 70 70  74 74 74 72 71 72 72 70  74 74 73 70 72 72 72 72  74 74 74 72 72 73 76 79  71 72 70 69 71 74 82 95"
"2026-09-27T16:27:51.64353738Z"," 69 69 68 68 68 68 68 70  77 70 69 69 69 68 69 71  73 74 71 70 69 70 70 70  76 77 74 72 72 71 71 70  74 75 74 71 71 72 72 71  74 75 74 69 71 72 73 73  73 74 74 74 72 73 76 81  72 72 70 70 71 76 81 95"
"2026-09-27T16:28:01.562958187Z"," 70 69 69 68 68 68 69 70  77 69 69 69 68 69 71 70  74 73 71 70 69 69 71 71  76 76 74 72 71 71 70 70  74 74 73 70 72 72 72 71  75 75 74 69 71 72 73 73  74 76 74 73 73 73 77 80  71 72 71 70 71 74 82 96"
"2026-09-27T16:28:13.586030644Z"," 69 68 68 68 68 68 68 69  77 69 68 69 69 68 70 69  74 73 71 70 69 69 70 69  76 76 74 73 71 70 69 70  73 75 73 71 70 72 71 70  74 74 74 68 71 72 72 72  73 75 74 73 71 73 75 80  70 72 70 70 71 74 81 95"
"2026-09-27T16:28:21.603625899Z"," 68 69 68 69 68 68 68 69  77 70 69 68 68 69 68 69  74 74 70 68 69 69 70 69  75 76 74 72 71 70 69 70  73 74 74 71 71 72 71 69  74 74 73 69 71 72 72 73  73 74 74 72 72 72 76 80  71 71 69 69 71 74 82 95"
"2026-09-27T16:28:31.562489509Z"," 69 69 69 68 69 68 70 70  77 70 70 68 68 69 69 70  74 73 72 70 69 70 70 70  77 77 75 73 72 71 70 71  74 75 74 70 71 72 72 72  76 76 73 69 72 72 72 73  75 75 74 72 72 75 76 80  72 72 70 70 72 74 83 95"
"2026-09-27T16:28:41.562574979Z"," 70 68 68 68 68 68 69 69  77 69 69 69 68 68 69 69  74 72 72 68 69 69 70 69  76 76 74 72 71 70 70 70  73 74 73 71 70 72 72 71  74 75 73 69 71 72 72 72  73 74 74 73 72 73 75 80  70 71 69 69 71 73 81 95"
"2026-09-27T16:28:51.60476254Z"," 69 70 68 68 68 68 69 69  76 69 69 69 69 69 70 70  74 71 69 70 69 70 70 69  77 76 74 71 71 70 69 70  74 74 74 71 71 72 71 70  75 75 74 69 72 72 73 72  74 75 74 72 72 73 76 80  70 71 70 70 71 74 82 95"
"2026-09-27T16:29:01.578882838Z"," 68 68 68 68 67 68 68 69  75 68 69 68 68 68 68 69  68 67 68 68 68 69 69 69  68 68 68 69 70 69 69 70  69 70 68 70 71 71 71 71  72 72 72 71 71 71 72 71  70 69 68 71 72 72 76 79  68 68 68 68 69 73 81 95"
"2026-09-27T16:29:13.65630365Z"," 68 68 67 67 67 68 68 68  74 68 68 68 68 68 68 69  72 69 68 68 68 69 69 68  72 73 71 69 70 69 68 68  73 73 72 71 70 71 71 70  72 74 72 71 71 71 72 72  72 69 69 70 71 72 76 79  68 68 67 69 69 73 81 95"
"2026-09-27T16:29:22.49406322Z"," 70 69 71 70 68 67 68 68  77 71 74 70 68 68 68 68  75 75 69 69 68 69 69 69  76 74 72 70 70 69 69 68  72 73 72 72 70 71 71 69  73 74 73 70 72 71 71 72  73 73 70 71 71 72 75 79  69 72 71 69 70 72 81 94"
"2026-09-27T16:29:31.568937552Z"," 68 68 67 66 67 67 68 69  75 68 68 68 67 67 68 68  74 73 69 67 68 68 69 69  74 74 72 71 70 69 68 68  72 73 74 72 71 70 70 69  74 73 72 71 70 71 71 72  73 73 72 71 70 72 74 78  69 70 69 68 69 73 81 94"
"2026-09-27T16:29:41.558735848Z"," 67 67 67 66 67 67 67 68  75 69 68 67 68 68 67 68  73 73 70 68 68 68 68 68  74 73 73 70 70 69 68 68  72 72 72 73 69 71 71 69  72 73 72 70 70 71 71 71  73 73 71 71 71 71 74 78  68 69 68 68 70 73 81 93"
"2026-09-27T16:29:57.688947521Z"," 72 70 68 68 68 68 68 69  77 70 69 69 69 68 69 70  76 75 71 69 69 69 71 70  74 75 72 71 71 70 69 70  75 75 74 72 72 68 70 69  75 82 91 75 72 70 71 69  71 77 85 74 73 71 72 71  69 72 72 72 73 74 81 74"
"2026-09-27T16:30:07.403276806Z"," 68 68 68 67 68 68 69 68  75 69 69 68 68 68 68 68  75 73 72 69 69 69 69 69  75 75 75 72 70 70 69 70  73 74 74 72 71 71 70 69  75 76 81 86 73 71 71 71  74 77 83 91 75 72 72 73  71 73 74 75 72 73 75 85"
"2026-09-27T16:30:23.5505276Z"," 67 68 66 67 65 66 66 67  72 68 67 67 67 66 66 68  72 69 67 67 67 68 68 68  71 73 71 69 69 68 67 68  72 73 73 72 70 68 68 68  73 75 83 95 78 70 70 68  72 73 75 82 73 70 71 72  69 69 69 71 70 72 72 82"
"2026-09-27T16:30:32.554745515Z"," 68 68 68 68 67 68 68 68  75 68 68 69 68 68 68 69  73 69 68 69 69 70 70 69  73 75 72 71 71 69 68 70  73 74 75 74 71 71 71 70  74 77 84 96 78 71 71 70  75 76 79 84 75 72 72 72  72 73 73 73 72 73 74 84"
"2026-09-27T16:30:44.635923493Z"," -- -- -- -- -- -- -- --"
"2026-09-27T16:30:56.2954113Z"," 68 67 67 67 66 67 67 68  74 68 68 68 68 67 68 68  73 72 69 68 68 68 69 68  76 75 73 71 69 68 68 70  73 74 74 73 70 70 70 70  74 76 80 85 74 70 71 70  74 75 82 93 76 72 72 72  72 74 75 77 72 72 73 82"
"2026-09-27T16:31:06.253186285Z"," 68 68 68 68 68 68 68 69  75 69 68 69 68 68 68 70  74 73 71 69 68 69 70 69  76 76 74 72 70 70 70 70  75 74 75 72 71 71 70 69  74 76 80 85 74 71 71 70  74 75 84 93 76 72 72 72  71 71 73 74 72 72 74 83"
"2026-09-27T16:31:17.684280924Z"," 68 68 67 68 67 67 67 68  74 68 68 68 68 67 68 68  73 72 69 68 68 68 69 68  76 76 74 71 70 69 68 69  73 74 74 72 70 71 70 69  74 77 79 84 74 71 70 70  74 75 83 93 76 71 72 72  71 72 72 73 72 72 73 82"
"2026-09-27T16:31:26.260101953Z"," 68 69 66 68 66 68 68 68  74 68 68 68 68 67 68 68  73 71 69 68 68 68 69 68  75 75 73 71 70 69 68 70  73 74 74 73 70 71 69 68  75 75 78 83 74 71 70 71  73 74 83 93 76 71 72 72  70 71 72 72 72 72 72 82"
"2026-09-27T16:31:36.324292966Z"," 68 68 67 68 68 67 67 68  74 68 68 68 68 68 67 68  72 73 69 68 68 68 68 68  75 76 73 71 71 69 68 70  74 75 74 72 70 70 70 69  75 75 79 84 74 70 70 69  73 75 82 93 76 70 71 72  71 71 72 72 72 71 73 81"
"2026-09-27T16:31:51.286445003Z"," 68 69 68 68 67 68 68 69  75 70 69 68 68 68 69 70  74 73 69 68 69 69 69 69  77 77 73 72 71 70 68 70  74 75 74 72 72 71 71 70  75 77 80 84 75 71 71 70  74 75 83 93 76 71 72 73  71 72 72 73 72 72 73 82"
"2026-09-27T16:32:01.248502272Z"," 68 67 66 66 67 66 68 68  73 68 67 67 67 67 67 68  70 68 67 67 68 68 68 68  73 72 70 69 69 69 68 69  73 73 72 71 70 69 69 68  74 75 78 83 73 70 69 69  72 75 82 91 75 69 71 71  71 71 72 72 71 70 72 81"
"2026-09-27T16:32:11.254050852Z"," 69 68 68 67 68 68 68 69  74 69 68 68 68 68 68 70  74 73 71 69 69 70 70 69  76 76 75 72 70 71 69 70  74 74 75 72 71 71 71 70  75 76 79 85 74 71 71 70  75 76 83 93 77 71 73 73  72 74 75 77 72 72 72 81"
"2026-09-27T16:32:26.65704771Z"," 68 69 68 67 67 68 68 68  74 68 68 68 68 68 68 68  73 72 68 68 68 68 69 69  76 75 73 71 70 69 68 69  73 75 75 72 70 71 70 70  74 77 77 79 73 71 70 69  74 76 83 96 77 71 72 71  72 73 76 77 72 72 72 80"
"2026-09-27T16:32:36.248737181Z"," 68 68 68 68 68 69 68 69  74 68 68 69 68 68 69 69  72 69 68 68 69 69 70 68  72 74 72 71 71 69 68 71  73 75 74 73 71 71 70 69  74 77 78 79 73 71 71 71  75 76 84 96 79 71 72 72  72 74 77 78 73 72 73 81"
"2026-09-27T16:32:46.272474305Z"," 68 68 66 66 66 66 68 69  73 68 68 68 67 68 68 69  71 68 68 67 68 68 69 68  73 72 71 69 69 69 68 69  72 73 73 72 70 69 70 68  74 75 76 78 72 71 70 70  74 74 82 95 77 71 72 72  72 71 72 73 72 71 72 80"
"2026-09-27T16:34:01.657869531Z"," 68 68 66 66 66 66 68 69  73 68 68 68 67 68 68 69  71 68 68 67 68 68 69 68  73 72 71 69 69 69 68 69  72 73 73 72 70 69 70 68  74 75 76 78 72 71 70 70  74 74 82 95 77 71 72 72  72 71 72 73 72 71 72 80"
"2026-09-27T16:34:13.702082796Z"," -- -- -- -- -- -- -- --"
"2026-09-27T16:35:46.740202119Z"," 67 68 67 67 67 66 67 68  69 68 68 68 67 67 67 66  76 67 67 66 67 68 68 67  68 68 68 67 68 68 67 68  72 71 68 68 68 68 68 68  75 74 71 70 69 68 69 69  73 73 75 73 70 68 68 69  75 76 83 93 73 70 68 68"
"2026-09-27T16:35:56.745152256Z"," -- -- -- -- -- -- -- --"
"2026-09-27T17:33:48.663669392Z"," -- -- -- -- -- -- -- --"
"2026-09-28T13:22:21.617697221Z"," 68 68 66 67 67 65 66 68  80 68 68 68 67 66 67 68  73 70 68 67 68 67 67 68  74 73 70 68 68 67 66 67  75 77 75 77 70 68 68 68  75 77 79 94 73 67 68 68  74 77 78 78 70 67 68 68  73 73 71 69 68 68 67 68"
"2026-09-28T13:22:31.575288207Z"," 68 68 67 67 67 65 67 67  79 69 68 68 67 67 67 68  74 72 68 67 67 67 68 68  76 74 72 69 69 67 67 68  74 78 77 80 69 68 68 67  76 77 80 98 75 68 68 68  76 77 78 77 71 68 68 67  72 71 70 68 68 68 66 68"
"2026-09-28T13:22:41.613634002Z"," 67 68 67 67 66 66 67 68  80 68 67 67 66 66 67 67  74 69 68 67 67 67 67 68  75 74 71 68 68 68 67 67  74 77 75 79 70 67 68 67  76 77 81 98 74 68 67 68  75 76 77 78 71 66 68 67  71 71 70 69 68 67 66 67"
"2026-09-28T13:22:51.64086152Z"," -- -- -- -- -- -- -- --"
"2026-09-28T13:23:55.356266835Z"," 69 68 68 67 68 67 68 68  82 70 68 68 67 67 68 68  76 75 70 68 69 68 69 68  79 78 76 71 70 68 68 69  76 77 77 77 70 69 68 69  77 78 82 92 73 68 68 68  76 77 78 81 71 68 68 68  72 72 71 71 69 68 67 67"
"2026-09-28T13:24:03.751668087Z"," 69 68 68 67 68 67 67 68  81 68 68 68 67 68 68 68  76 75 70 68 68 69 68 68  77 79 77 73 70 68 68 68  75 77 79 78 70 68 68 68  77 77 81 92 74 68 68 68  76 78 77 81 71 68 68 67  72 72 71 72 68 68 68 69"
"2026-09-28T13:24:13.828173998Z"," 69 69 68 67 68 67 68 68  81 70 69 69 68 68 68 69  76 74 70 69 69 69 69 68  79 78 74 71 70 69 68 68  75 77 76 76 71 68 69 68  77 78 81 91 74 68 68 68  76 77 77 81 72 68 69 68  72 72 72 71 69 68 68 68"
"2026-09-28T13:24:23.872491764Z"," 69 68 68 68 67 67 67 68  81 69 69 68 67 68 68 69  76 74 70 68 68 68 68 68  78 79 77 74 71 68 68 68  75 77 77 78 70 69 69 68  77 77 81 90 74 68 68 68  76 77 78 80 71 68 68 67  72 71 71 72 70 68 68 67"
"2026-09-28T13:24:33.8921437Z"," -- -- -- -- -- -- -- --"
"2026-09-28T13:24:45.398045312Z"," 69 68 67 67 67 67 66 68  81 68 68 68 67 67 66 68  76 72 69 68 68 68 68 68  78 78 76 73 70 68 68 68  75 77 77 77 69 68 68 68  77 77 80 89 74 68 67 68  76 76 77 79 72 67 68 67  72 73 70 71 68 68 67 68"
"2026-09-28T13:24:54.508118509Z"," -- -- -- -- -- -- -- --"
"2026-09-28T13:25:04.760211225Z"," 68 67 67 67 67 67 67 68  80 69 68 68 67 68 68 68  75 70 68 68 68 68 68 68  77 76 73 69 70 68 68 69  75 76 76 75 70 68 69 68  77 77 79 90 74 68 68 68  76 78 77 81 72 68 69 68  72 71 71 72 69 68 67 68"
"2026-09-28T13:25:16.430699373Z"," -- -- -- -- -- -- -- --"
"2026-09-28T13:26:18.417918859Z"," 68 68 67 68 67 68 68 69  79 68 68 68 68 68 68 68  69 68 68 68 68 68 69 69  68 68 68 68 69 68 68 68  66 68 69 73 71 69 69 68  68 68 72 86 75 70 69 69  68 68 68 78 72 71 71 72  68 68 68 70 70 72 74 99"
"2026-09-28T13:26:25.516545659Z"," 69 69 69 68 68 68 69 70  79 70 69 69 68 68 69 69  74 71 69 68 69 69 69 69  76 77 74 71 71 69 68 69  75 77 75 74 70 70 70 70  83 78 77 79 76 69 70 70  79 72 71 72 72 71 72 72  71 70 70 70 70 71 75 98"
"2026-09-28T13:26:36.428722949Z"," 71 68 69 68 67 68 68 69  80 68 68 68 68 68 68 69  71 70 69 68 68 69 68 69  76 77 75 72 70 68 68 69  77 78 77 76 72 69 70 69  76 78 80 88 75 69 69 69  76 77 78 79 73 71 71 71  76 75 73 71 70 71 75 98"
"2026-09-28T13:26:45.510177884Z"," 68 69 68 68 67 68 68 68  81 69 68 68 68 67 68 68  75 74 70 69 69 68 69 68  77 78 77 72 70 69 68 68  75 77 77 75 70 69 70 69  77 77 80 87 74 68 69 69  75 77 77 78 72 70 72 72  71 71 71 70 70 71 74 99"
"2026-09-28T13:26:57.408269501Z"," 69 69 69 68 68 67 68 69  81 69 70 68 68 67 68 68  75 75 72 69 69 68 69 70  77 78 77 73 71 69 68 68  75 77 77 73 70 69 69 70  77 78 79 86 73 70 71 70  76 77 78 79 72 70 72 73  72 71 70 71 70 71 76 98"
"2026-09-28T13:27:05.547324484Z"," 69 68 68 68 68 68 68 68  81 70 69 68 68 68 68 68  75 74 71 68 68 68 68 69  78 79 78 73 71 69 69 68  75 78 77 74 70 69 70 68  76 78 79 86 74 69 70 70  76 77 77 78 72 70 72 72  71 71 71 70 70 71 75 98"
"2026-09-28T13:27:17.463903156Z"," 70 70 69 68 68 68 69 71  76 73 70 70 69 69 69 69  78 77 76 72 70 69 71 69  77 78 78 76 71 70 70 69  76 78 78 76 71 70 71 69  77 78 79 86 75 69 70 70  76 77 77 79 73 72 72 72  71 71 71 71 71 72 77 99"
"2026-09-28T13:27:25.506457822Z"," 69 69 67 68 68 67 69 68  81 69 68 69 68 68 68 69  76 75 71 69 68 69 69 69  79 79 76 72 70 69 68 69  76 76 77 72 71 68 70 69  75 77 78 79 72 70 70 69  75 77 77 78 72 70 73 73  70 72 71 70 70 71 76 98"
"2026-09-28T13:27:35.586427062Z"," 69 68 68 68 67 67 68 68  81 70 68 68 67 68 68 68  76 76 72 69 68 69 69 68  78 79 76 70 70 69 68 68  75 77 77 74 70 70 69 69  76 77 79 85 73 70 70 70  75 76 77 78 71 71 72 72  71 72 70 70 70 72 76 98"
"2026-09-28T13:27:45.505979555Z"," 69 69 68 67 67 67 68 68  79 69 68 68 67 68 68 68  75 70 68 68 69 68 69 69  77 77 73 70 70 68 68 68  75 76 76 73 69 69 69 69  82 77 77 81 73 69 70 70  77 72 71 73 71 70 72 72  72 70 69 69 70 71 75 98"
"2026-09-28T13:27:55.508486038Z"," 70 69 68 68 67 68 68 69  81 71 69 69 68 68 68 69  77 76 73 70 69 69 70 69  79 79 77 71 70 69 69 69  75 77 77 74 71 70 71 69  77 77 79 86 74 71 70 71  76 78 77 81 72 72 73 74  72 72 72 73 71 72 77 99"
"2026-09-28T13:28:06.496562717Z"," 70 69 68 68 68 68 68 69  81 70 69 69 68 68 69 69  76 76 72 69 69 69 70 69  79 79 77 73 71 69 69 69  75 77 77 76 71 70 71 69  77 77 78 86 74 70 71 71  77 77 77 80 72 71 73 73  72 72 71 71 70 72 76 99"
"2026-09-28T13:28:15.502261178Z"," 70 69 68 68 68 68 68 69  81 71 69 69 68 68 68 69  77 77 73 70 69 70 70 69  79 79 75 71 71 70 69 70  76 77 77 74 71 69 70 70  77 78 78 86 74 70 71 71  77 78 77 81 73 72 74 73  72 72 72 72 70 72 77 99"
"2026-09-28T13:28:25.507168353Z"," 70 69 67 68 68 67 68 68  80 69 69 68 68 68 68 68  75 74 71 69 68 68 69 68  78 79 77 74 70 68 68 69  75 77 77 75 71 69 70 68  76 78 77 86 74 70 70 70  75 77 77 79 72 71 73 73  72 72 71 72 71 71 76 99"
"2026-09-28T13:28:36.466295429Z"," 69 68 68 68 67 67 68 68  81 69 69 68 68 67 68 68  75 74 71 68 68 68 69 68  78 78 72 69 70 69 68 70  75 76 75 73 71 70 69 68  76 77 78 85 73 70 70 69  76 77 76 79 72 72 73 73  72 71 71 71 70 71 77 98"
"2026-09-28T13:28:45.49913594Z"," 68 68 68 68 68 68 68 69  80 69 69 68 68 68 68 68  75 73 71 69 68 68 68 68  77 79 77 72 70 69 68 69  75 77 77 74 71 69 69 69  76 78 78 84 74 69 70 69  75 77 77 79 72 71 74 74  72 72 71 71 70 72 77 98"
"2026-09-28T13:28:55.507534237Z"," 68 69 68 68 67 68 67 68  79 69 69 69 67 68 68 68  74 73 70 68 68 68 69 68  77 77 77 73 70 68 68 69  74 76 77 74 70 69 69 69  75 77 78 85 73 71 70 70  76 77 76 78 72 71 73 72  71 72 71 71 69 72 76 99"
"2026-09-28T13:29:06.450811731Z"," 69 69 68 68 67 67 67 68  80 70 68 68 68 68 68 69  76 74 72 68 68 68 68 69  78 77 76 71 71 69 69 68  75 76 73 71 70 69 70 68  76 77 78 83 72 70 70 70  75 77 76 78 72 71 73 73  71 71 71 72 70 72 77 99"
"2026-09-28T13:29:15.500552609Z"," 68 68 67 68 67 68 68 68  79 68 68 68 67 67 68 68  74 72 68 68 68 68 68 68  78 77 73 70 71 69 68 69  75 76 75 73 70 69 70 69  75 78 77 84 73 69 70 69  76 76 76 76 72 72 73 73  72 72 69 71 69 72 77 99"
"2026-09-28T13:29:27.427539853Z"," 69 68 68 68 68 68 68 68  80 70 69 68 68 68 68 69  75 74 71 69 69 69 69 68  78 78 77 73 71 69 68 69  74 77 77 74 70 70 70 69  76 77 78 84 73 70 71 70  76 77 76 77 72 72 74 73  72 71 70 71 69 72 78 98"
"2026-09-28T13:29:35.542387743Z"," 69 69 67 68 68 68 68 69  79 69 69 68 68 68 68 68  75 74 70 69 68 68 68 69  78 78 77 72 70 69 68 69  75 77 76 72 69 69 70 68  76 77 78 83 74 70 70 69  74 77 77 77 72 71 73 72  71 71 70 69 70 72 78 99"
"2026-09-28T13:29:45.502051Z"," 70 68 68 68 68 68 68 70  80 70 68 69 68 68 68 68  75 75 70 69 68 69 70 68  79 79 77 74 71 69 69 68  75 77 77 74 71 70 70 69  76 78 78 84 73 70 71 71  75 77 77 77 72 71 75 74  70 71 71 71 70 72 79 99"
"2026-09-28T13:29:55.500625076Z"," 70 69 68 67 67 67 68 69  80 70 69 69 68 68 68 69  75 74 71 69 68 69 70 69  79 78 77 73 71 69 68 69  75 77 77 73 70 70 71 68  76 77 78 84 74 71 70 71  76 77 77 77 72 72 74 74  71 72 70 71 70 73 78 99"
"2026-09-28T13:30:06.517520503Z"," 70 69 68 69 68 68 69 69  79 70 70 69 67 69 68 69  74 74 71 69 69 69 68 69  78 79 77 74 71 69 69 70  75 77 77 76 71 70 70 70  77 78 78 83 74 70 72 70  76 77 78 76 72 71 74 73  73 71 70 71 70 73 78 99"
"2026-09-28T13:30:15.501986609Z"," 69 69 68 68 68 68 68 68  80 69 69 69 68 68 68 68  76 75 71 69 68 68 68 69  79 78 77 72 70 69 68 69  75 77 77 72 70 70 70 68  76 78 77 82 73 70 71 71  75 77 76 76 72 71 75 73  72 70 71 70 70 73 78 99"
"2026-09-28T13:30:25.500778676Z"," 69 69 68 68 68 67 68 69  79 70 69 69 68 68 68 68  76 75 71 68 69 68 69 69  79 78 77 73 70 70 68 69  75 77 76 72 70 70 71 70  75 77 77 82 73 70 71 70  75 77 77 77 72 72 75 74  70 70 71 70 70 72 78 99"
"2026-09-28T13:30:35.538625011Z"," 69 68 67 67 67 68 68 69  80 70 69 68 67 67 68 69  76 74 72 69 68 68 69 68  79 78 75 70 69 70 68 68  75 76 75 72 70 69 69 69  76 77 76 81 74 69 71 70  75 76 76 76 71 70 73 73  70 71 69 69 69 72 77 98"
"2026-09-28T13:30:47.452271696Z"," 69 68 67 68 67 67 68 68  79 69 68 68 68 67 68 68  76 74 70 68 68 68 69 68  78 77 76 70 70 68 68 68  74 76 72 71 69 69 69 68  76 77 76 80 72 70 70 69  74 76 76 76 70 72 73 74  71 70 71 70 70 71 78 98"
"2026-09-28T13:30:55.50284906Z"," 69 68 68 68 68 67 67 68  80 69 69 68 67 67 68 68  75 75 71 68 68 68 68 68  78 78 77 72 70 69 68 68  75 77 76 72 69 70 71 69  76 77 77 81 74 71 70 70  74 76 77 77 71 71 74 73  70 71 69 70 69 73 77 99"
"2026-09-28T13:31:05.538654733Z"," 69 68 68 67 66 67 68 68  79 69 68 68 68 68 68 68  77 75 72 69 68 69 69 69  78 78 77 72 70 69 68 69  75 77 77 72 70 69 70 69  76 77 76 82 73 71 70 69  74 76 76 76 71 72 74 74  70 71 70 69 69 72 77 99"
"2026-09-28T13:31:15.495637922Z"," 68 68 68 68 68 68 68 69  80 69 69 68 68 68 68 69  76 73 69 68 69 69 69 69  78 77 73 70 71 69 69 68  75 75 72 74 71 70 70 69  76 77 79 84 75 70 71 70  76 76 75 75 72 72 75 73  71 70 70 69 70 72 78 98"
"2026-09-28T13:31:27.464176342Z"," 68 68 67 66 66 67 68 69  78 68 68 67 67 68 68 68  71 69 68 68 68 68 68 68  77 77 75 70 70 68 68 68  76 77 75 72 70 70 69 68  76 77 76 81 72 69 70 68  75 77 76 74 71 72 74 73  75 75 72 69 69 72 77 99"
"2026-09-28T13:31:35.536383918Z"," 68 68 69 68 68 68 68 69  79 70 68 69 68 68 68 69  75 74 70 69 68 68 69 68  78 79 77 75 70 69 68 69  75 77 77 75 71 70 69 69  76 77 77 83 73 71 71 70  76 77 76 78 72 72 75 74  71 72 71 71 71 73 77 99"
"2026-09-28T13:31:47.521463193Z"," 69 69 67 68 68 67 68 69  78 69 68 68 68 67 68 68  75 74 71 68 68 68 69 68  78 78 77 74 70 68 68 69  75 76 77 74 71 69 71 70  76 77 77 82 74 72 71 70  76 78 77 79 72 72 74 73  70 71 71 72 71 72 78 99"
"2026-09-28T13:31:55.537990327Z"," 70 68 68 68 68 68 68 70  79 70 69 69 69 68 68 69  75 74 71 69 69 69 69 69  79 79 77 75 71 69 69 70  75 77 77 75 71 70 71 69  77 78 78 82 74 71 71 70  77 77 78 78 73 72 75 74  72 72 71 72 70 73 78 99"
"2026-09-28T13:32:06.555889823Z"," 69 69 68 68 68 67 68 68  80 69 69 68 68 68 68 68  75 73 70 68 69 68 69 68  78 79 77 74 70 69 69 68  75 77 76 74 70 70 70 69  76 77 77 81 73 70 71 70  76 77 76 78 72 72 75 74  72 71 71 72 71 73 79 98"
"2026-09-28T13:32:15.493190438Z"," 68 68 68 68 67 68 68 69  79 69 68 68 67 67 68 69  74 74 71 68 68 68 69 70  78 78 75 71 71 69 68 69  75 76 75 72 71 70 70 69  76 78 77 81 73 70 71 70  77 77 77 78 72 71 74 75  72 71 71 71 71 73 78 99"
"2026-09-28T13:32:25.492285176Z"," 69 68 69 68 68 68 68 69  80 70 69 69 69 68 68 70  75 75 72 69 69 69 70 69  79 79 77 75 72 70 69 70  75 77 76 75 71 70 72 70  76 78 77 82 73 71 72 70  76 77 76 77 72 72 75 74  71 72 72 73 71 73 79 99"
"2026-09-28T13:32:35.533027219Z"," 69 69 68 68 68 68 68 69  80 70 68 69 68 68 69 68  75 75 72 68 69 68 69 69  79 78 77 73 71 70 68 69  75 77 77 72 70 70 70 69  76 77 76 81 73 71 71 71  76 74 71 75 72 72 75 74  73 76 75 71 71 73 77 98"
"2026-09-28T13:32:45.501917536Z"," 68 69 68 68 68 68 69 70  77 69 69 68 68 68 69 69  74 69 69 68 69 69 70 69  77 77 74 71 72 70 68 70  76 77 77 74 71 71 71 69  76 78 77 81 75 72 72 72  75 72 71 74 72 73 76 75  72 70 69 70 70 73 79 99"
"2026-09-28T13:32:55.487832995Z"," 69 68 68 68 68 68 68 69  80 68 69 69 68 68 68 69  77 75 71 69 69 69 69 68  79 79 77 72 71 70 69 68  75 77 77 75 70 71 71 69  76 78 77 81 73 71 71 71  76 77 76 77 73 72 74 74  71 72 71 71 70 73 78 98"
"2026-09-28T13:33:05.536774092Z"," 68 69 68 68 69 68 68 69  79 69 69 68 68 68 68 69  74 75 71 69 68 68 69 69  78 78 77 74 71 70 69 69  75 76 76 74 71 71 70 69  77 77 77 81 73 70 71 71  76 76 77 77 72 73 75 74  71 72 71 71 70 73 78 98"
"2026-09-28T13:33:15.490683469Z"," 70 68 68 68 68 68 68 69  80 70 69 68 68 68 68 68  76 75 72 69 69 69 70 69  80 80 77 73 71 70 69 70  75 77 77 74 71 71 71 70  77 77 77 81 73 71 71 70  77 77 77 78 72 72 75 74  71 72 70 70 71 73 78 99"
"2026-09-28T13:33:25.490335384Z"," 69 69 68 67 67 68 68 68  79 70 69 68 68 68 69 68  74 74 71 68 69 68 69 68  78 78 77 75 71 69 68 69  76 77 77 74 71 70 71 69  76 78 77 81 73 71 71 70  75 77 76 77 72 72 75 75  72 71 71 71 70 73 78 98"
"2026-09-28T13:33:36.511350999Z"," 70 68 68 68 68 67 68 70  79 70 69 69 68 68 69 69  75 74 72 69 68 69 69 69  79 78 77 72 70 69 68 70  74 77 76 72 71 71 70 70  77 78 77 81 73 71 72 70  76 77 76 77 73 72 75 74  72 71 70 71 70 74 78 98"
"2026-09-28T13:33:45.489488936Z"," 69 69 68 68 68 68 68 70  79 70 68 69 68 68 69 69  75 74 72 69 68 68 68 69  79 79 77 74 72 69 69 71  75 77 77 74 71 71 71 69  76 78 78 80 73 72 72 70  76 77 77 77 73 73 75 74  70 71 70 71 70 74 79 99"
"2026-09-28T13:33:57.588646572Z"," 69 69 68 68 68 68 68 69  79 69 69 69 68 68 68 69  74 73 70 69 69 69 70 69  78 79 76 73 71 69 69 70  76 78 77 74 71 70 70 71  76 77 76 80 73 71 71 70  74 73 72 74 73 72 75 75  72 70 69 70 70 73 79 98"
"2026-09-28T13:34:06.654379702Z"," 70 69 68 68 68 68 69 70  79 69 68 69 68 68 69 69  76 71 69 68 69 69 69 69  77 75 75 71 72 70 69 69  72 75 77 74 72 70 71 69  75 75 76 81 76 72 72 71  75 72 71 74 72 74 75 75  71 69 70 70 70 74 78 99"
"2026-09-28T13:34:15.488334254Z"," 69 69 68 68 68 67 68 69  79 70 69 69 68 68 68 69  77 76 72 68 68 68 69 69  79 79 77 72 71 69 69 69  76 77 76 72 71 71 70 70  77 78 77 80 72 72 71 70  75 77 76 77 72 72 75 74  72 71 70 70 70 74 78 99"
"2026-09-28T13:34:27.572277919Z"," 68 68 68 68 68 67 68 68  78 70 68 68 68 68 68 69  76 74 71 68 68 68 68 68  78 77 77 73 70 69 68 70  75 76 76 74 70 70 71 69  75 78 77 79 73 70 71 71  75 77 76 77 72 72 74 74  70 71 70 70 70 73 79 97"
"2026-09-28T13:34:35.531012068Z"," 69 69 68 68 68 69 68 69  79 71 69 68 68 68 68 70  76 74 72 69 69 68 69 68  78 78 77 72 71 70 69 69  76 77 77 73 71 71 71 70  76 77 77 80 73 72 71 70  76 77 76 77 72 72 75 75  71 70 71 70 70 74 80 98"
"2026-09-28T13:34:45.488754252Z"," 69 68 68 68 67 68 68 69  78 69 68 68 68 68 68 68  73 71 70 68 68 69 68 68  77 78 77 73 71 69 68 69  76 77 77 74 71 70 70 69  76 77 77 79 72 71 71 70  75 77 77 77 72 72 75 74  73 73 71 71 70 73 78 97"
"2026-09-28T13:34:55.485767254Z"," 68 67 67 68 67 67 68 68  78 69 69 67 67 67 67 68  74 74 70 68 68 69 68 68  77 77 77 73 70 68 68 68  75 76 76 72 70 70 70 69  76 77 76 78 72 70 71 69  75 76 76 76 72 71 75 74  70 69 71 69 69 72 78 96"
"2026-09-28T13:35:05.525155965Z"," 69 69 68 68 68 68 68 68  79 70 68 69 68 68 68 69  75 74 72 69 69 70 70 69  78 79 76 72 71 70 69 70  75 77 76 72 70 70 70 69  76 77 77 80 73 71 71 71  76 77 77 77 72 73 75 76  72 72 71 71 71 74 78 97"
"2026-09-28T13:35:15.481621753Z"," 68 68 68 68 68 67 68 68  72 68 68 68 68 67 68 68  72 68 69 68 68 68 69 70  77 75 74 70 71 69 69 69  74 76 76 73 71 70 70 69  76 77 76 80 75 71 70 70  74 72 71 73 72 72 74 75  70 70 68 69 70 73 78 96"
"2026-09-28T13:35:27.645113019Z"," 69 68 67 68 67 68 68 68  79 70 69 68 68 68 68 69  76 75 72 69 69 68 69 69  79 79 77 75 72 69 69 69  75 76 76 74 69 70 70 69  76 77 76 79 72 71 71 71  75 77 76 77 72 72 75 75  71 72 70 71 71 72 77 97"
"2026-09-28T13:35:35.528528479Z"," 68 68 67 67 68 68 68 68  79 68 68 68 68 68 68 69  73 69 68 68 69 68 70 68  77 76 73 71 71 69 69 69  75 77 75 73 71 71 70 69  76 77 76 78 73 71 72 70  74 71 70 73 72 72 74 74  70 69 68 69 70 73 78 98"
"2026-09-28T13:35:45.486249212Z"," 69 68 68 68 68 68 69 69  78 69 69 69 67 68 68 69  77 76 72 69 69 69 69 69  79 79 77 72 71 69 69 69  76 77 75 71 70 71 70 69  76 77 76 78 72 71 72 70  76 77 76 77 72 72 76 74  71 71 70 71 70 73 78 97"
"2026-09-28T13:35:55.486062884Z"," 70 69 68 68 68 68 69 70  80 69 69 69 67 68 68 68  76 75 71 69 69 68 70 69  79 79 77 74 72 70 68 69  76 78 77 73 71 70 70 69  76 77 77 78 74 71 72 70  75 77 76 77 73 72 75 74  70 70 70 71 70 74 79 97"
"2026-09-28T13:36:05.526312775Z"," 69 69 68 68 68 68 68 69  79 69 69 69 68 68 68 69  76 76 73 70 68 69 70 69  79 78 76 71 70 70 69 69  74 77 77 74 71 70 71 69  75 77 76 78 72 72 72 70  76 76 77 77 73 72 75 75  71 71 70 70 71 72 77 97"
"2026-09-28T13:36:17.581300149Z"," 69 69 68 68 68 68 68 69  79 70 70 68 68 68 68 69  76 75 71 69 69 68 70 69  78 79 77 73 70 69 68 71  75 77 76 74 71 71 71 70  76 77 77 78 73 72 72 70  76 77 76 77 72 73 75 74  72 71 70 71 71 72 78 97"
"2026-09-28T13:36:25.481750247Z"," 68 69 68 67 67 68 68 69  79 69 68 68 67 67 68 69  75 73 69 68 68 68 69 69  78 77 74 71 71 69 69 70  75 77 76 73 71 71 70 70  76 77 74 72 72 71 72 70  75 77 75 75 72 72 75 75  71 72 70 71 70 74 79 97"
"2026-09-28T13:36:36.614666717Z"," 69 68 67 68 68 67 68 69  78 69 69 68 67 68 68 69  75 74 71 68 69 68 70 69  79 78 77 72 71 70 68 69  75 77 76 72 70 71 70 69  76 77 76 78 72 71 71 70  75 77 76 76 72 73 76 75  72 71 70 71 71 73 78 98"
"2026-09-28T13:36:45.481896466Z"," 69 69 68 68 67 68 69 69  77 69 68 69 68 68 68 70  75 72 68 68 68 69 69 69  78 77 73 70 71 70 69 70  75 76 74 73 71 71 71 69  76 77 76 77 72 71 71 69  76 76 74 74 72 72 75 75  71 71 70 69 70 73 78 98"
"2026-09-28T13:36:55.482238885Z"," 68 69 68 67 68 68 68 70  78 69 69 68 68 68 68 70  76 75 72 68 69 68 69 68  78 78 77 72 71 70 69 69  75 77 76 72 70 70 71 69  75 77 76 78 72 71 71 70  76 76 76 75 72 72 74 74  71 71 70 70 70 73 79 98"
"2026-09-28T13:37:05.523997475Z"," 68 68 68 68 67 67 68 69  78 69 68 68 68 67 68 68  73 73 70 68 68 68 69 68  78 78 76 74 71 69 68 69  74 77 76 73 70 70 70 69  76 77 76 77 72 71 71 70  75 77 76 75 72 72 74 75  71 71 69 70 70 73 78 97"
"2026-09-28T13:37:15.478706686Z"," 68 68 67 67 67 68 68 68  78 68 68 68 68 68 68 68  73 72 69 68 68 68 68 68  77 78 76 72 70 68 68 69  74 76 75 73 70 70 70 69  76 77 76 77 72 70 72 70  75 75 76 74 72 72 75 75  71 70 70 69 71 73 78 96"
"2026-09-28T13:37:25.479015305Z"," 69 68 68 68 68 67 68 68  78 70 68 68 68 67 68 69  75 74 71 68 69 68 69 69  78 78 77 72 70 69 69 69  75 77 75 72 70 71 70 70  76 77 76 77 72 71 71 70  75 76 76 75 71 71 75 75  71 71 70 70 71 72 79 96"
"2026-09-28T13:37:35.518244271Z"," 69 69 68 67 68 68 68 69  78 70 69 69 68 68 68 68  76 74 71 68 69 69 69 69  78 78 77 73 71 70 69 70  75 77 77 72 71 71 71 70  76 77 77 77 72 72 73 70  76 76 76 76 72 72 75 74  71 71 71 70 71 73 78 96"
"2026-09-28T13:37:45.477937002Z"," 69 68 68 68 68 68 68 69  78 69 69 68 68 68 68 69  74 73 71 68 68 69 69 69  78 78 76 75 72 70 69 70  76 77 76 74 72 71 71 69  77 77 77 78 73 72 72 70  76 77 76 75 72 72 75 74  72 72 71 71 70 74 79 96"
"2026-09-28T13:37:57.662865362Z"," 68 68 68 68 68 68 69 68  77 68 69 69 68 68 68 68  73 69 69 68 69 69 69 69  76 76 73 71 72 71 70 70  75 77 76 74 72 71 70 69  76 77 77 80 75 72 72 71  74 72 72 74 73 73 76 75  72 69 69 70 71 74 79 97"
"2026-09-28T13:38:05.520222615Z"," 69 69 68 68 68 68 69 70  79 70 69 68 68 68 68 69  76 74 71 69 69 70 70 69  79 79 77 74 72 70 70 70  76 77 77 74 71 71 71 70  75 77 77 77 73 72 72 70  76 77 77 77 72 73 75 75  72 72 71 71 72 73 78 97"
"2026-09-28T13:38:17.621505897Z"," 69 69 68 68 68 68 68 69  79 69 68 68 68 68 68 68  74 74 71 68 69 68 69 69  78 78 77 73 71 70 69 70  74 77 76 74 71 70 71 69  77 77 77 77 73 72 72 70  76 77 77 77 73 73 75 75  71 70 71 70 70 74 78 97"
"2026-09-28T13:38:25.476471185Z"," 68 68 67 67 67 67 67 68  77 68 68 68 67 68 68 68  75 73 70 68 68 68 68 68  79 78 75 72 71 69 68 69  75 77 75 72 69 71 69 69  75 77 75 77 72 71 71 70  76 76 75 76 72 72 73 74  71 70 70 70 70 72 77 96"
"2026-09-28T13:38:35.518063304Z"," 69 68 67 66 67 68 68 69  78 69 68 68 68 68 68 69  75 72 70 68 68 69 69 69  77 78 76 73 71 69 68 69  74 76 76 73 70 70 70 68  75 77 75 76 72 71 72 70  75 77 75 76 72 72 75 73  71 70 71 70 70 72 77 96"
"2026-09-28T13:38:47.603819023Z"," 68 68 68 68 68 68 68 70  78 69 68 68 68 67 69 69  74 73 70 68 68 68 69 69  78 78 76 73 71 70 68 68  75 77 75 72 70 71 70 69  74 77 75 76 73 71 72 70  76 76 76 76 73 72 74 74  72 70 70 70 70 73 78 96"
"2026-09-28T13:38:56.810647088Z"," 69 69 68 69 68 68 68 70  78 69 69 68 69 68 68 69  74 75 72 69 69 69 69 69  78 79 77 74 72 70 69 69  75 76 75 73 71 71 71 70  76 77 76 77 73 71 72 71  76 76 75 74 72 73 75 75  72 71 69 70 70 72 78 97"
"2026-09-28T13:39:05.517078187Z"," 69 69 68 68 68 68 68 69  77 69 69 68 68 68 68 70  74 73 71 68 68 68 68 69  78 77 76 72 71 70 69 69  75 77 75 72 71 71 71 69  75 77 75 76 72 71 71 71  76 75 77 74 71 73 74 75  71 70 71 70 70 74 78 96"
"2026-09-28T13:39:17.6877137Z"," 68 68 67 67 67 68 69 68  78 69 68 68 68 68 68 70  76 71 68 68 68 68 68 68  75 75 73 71 71 69 69 69  73 75 75 74 72 71 71 68  75 74 74 79 74 71 71 71  74 72 71 74 72 72 74 74  70 70 68 69 71 73 79 96"
"2026-09-28T13:39:25.477737242Z"," 69 68 68 67 68 67 68 68  78 69 68 67 68 68 68 68  74 74 71 69 68 69 69 69  77 78 77 73 70 69 68 70  74 76 76 74 71 71 71 69  75 76 75 75 72 70 71 69  74 77 75 75 72 72 75 74  70 70 70 69 70 73 77 96"
"2026-09-28T13:39:35.515018776Z"," 69 68 68 68 68 68 68 70  78 68 69 68 69 68 68 69  76 74 70 68 69 69 70 69  78 78 77 73 71 70 69 70  75 77 76 74 71 71 71 68  76 77 76 76 72 71 72 70  75 76 76 75 72 72 76 74  71 70 70 70 71 74 78 96"
"2026-09-28T13:39:47.675601944Z"," 68 68 68 68 68 68 67 69  77 69 68 69 68 68 68 69  75 73 71 68 68 69 70 70  79 78 76 74 72 71 69 70  75 76 76 74 71 71 71 69  76 77 75 75 73 71 72 70  74 76 75 76 72 72 74 76  71 71 70 69 70 73 78 96"
"2026-09-28T13:39:56.676152505Z"," 69 68 68 68 68 67 68 69  77 69 69 69 68 68 68 68  76 74 71 69 68 69 70 69  79 79 74 69 71 70 68 69  75 76 75 72 71 72 70 69  76 76 75 75 72 71 71 70  75 76 75 75 71 72 74 75  70 70 69 70 69 73 78 96"
"2026-09-28T13:40:05.529363838Z"," 70 69 68 68 68 68 68 68  77 70 69 68 68 68 69 70  75 75 71 68 69 69 69 69  79 78 76 72 71 69 69 69  76 77 75 71 71 71 71 70  77 77 75 75 72 72 72 71  76 76 76 75 72 72 75 75  70 70 70 71 70 74 78 96"
"2026-09-28T13:40:15.470753001Z"," 69 69 67 68 68 67 68 69  77 69 69 69 68 68 68 69  75 74 71 69 68 68 69 69  78 78 76 73 72 69 69 69  75 76 76 74 70 71 70 70  76 76 76 75 72 72 71 71  75 75 76 76 72 72 74 75  71 71 69 70 71 74 78 96"
"2026-09-28T13:40:25.47007965Z"," 69 69 68 67 67 68 67 68  77 70 68 68 68 68 68 68  75 75 71 68 69 69 69 69  77 78 76 73 71 69 68 70  75 76 75 72 70 70 71 70  75 77 75 75 72 72 72 70  75 76 76 75 71 72 75 74  70 71 70 70 70 73 77 95"
"2026-09-28T13:40:35.5108708Z"," 69 69 68 68 68 68 68 69  78 70 69 69 68 68 68 70  75 74 72 70 69 69 70 70  79 79 77 74 72 70 69 70  75 76 77 73 70 72 71 68  75 77 76 75 73 72 72 71  77 77 76 76 72 73 76 76  71 72 70 71 70 73 78 96"
"2026-09-28T13:40:45.474752982Z"," 68 69 68 68 67 68 68 69  78 70 69 68 68 68 69 70  75 74 72 69 69 69 69 70  79 79 77 74 72 70 69 69  75 77 76 73 71 71 71 70  75 77 75 76 73 72 72 71  75 76 75 75 72 73 75 74  71 71 71 70 70 73 79 95"
"2026-09-28T13:40:55.467705659Z"," 68 68 67 67 68 67 68 69  77 68 68 68 67 68 69 69  75 71 69 68 68 68 69 68  77 75 74 71 71 69 69 69  75 72 75 74 72 71 71 69  76 77 72 77 73 71 71 70  76 75 71 73 72 72 75 75  70 69 68 69 70 73 77 95"
"2026-09-28T13:41:05.508345436Z"," 69 68 68 68 68 68 68 69  78 70 69 68 68 68 69 68  76 75 72 68 68 69 70 69  79 79 77 74 71 69 69 70  75 77 77 76 73 71 71 69  75 77 76 74 71 72 72 70  76 76 76 75 72 73 75 75  71 70 70 70 70 74 78 95"
"2026-09-28T13:41:15.471847445Z"," 68 68 67 68 67 67 68 68  77 69 68 68 67 67 68 68  74 73 69 68 69 68 68 68  77 77 76 72 70 69 68 69  73 77 76 73 70 70 70 68  75 76 75 74 71 71 70 70  77 76 75 74 72 72 74 74  69 69 68 69 70 73 77 95"
"2026-09-28T13:41:27.762153426Z"," 68 68 67 67 68 68 68 68  78 69 69 68 68 68 68 69  76 74 70 68 69 69 69 68  78 77 73 71 71 69 68 69  74 77 76 73 71 71 70 69  75 76 73 73 71 71 72 69  75 76 74 74 72 72 74 74  70 71 70 70 70 73 78 95"
"2026-09-28T13:41:35.507615013Z"," 69 69 68 67 68 67 68 68  77 69 68 68 68 68 68 68  75 74 70 68 69 68 70 69  77 76 73 71 71 69 68 69  75 77 77 73 71 70 70 69  75 77 74 72 72 72 71 71  75 76 74 74 72 72 74 75  70 70 70 70 70 73 78 94"
"2026-09-28T13:41:47.710017928Z"," 68 68 68 67 68 68 68 70  78 69 68 68 68 68 68 69  73 72 70 68 69 69 68 69  78 77 76 74 71 69 69 69  75 77 76 74 71 71 70 69  75 77 75 74 73 71 72 70  73 73 71 72 72 72 75 75  70 69 69 69 70 73 78 95"
"2026-09-28T13:41:55.474005909Z"," 68 68 67 68 68 68 68 69  77 69 68 68 67 67 69 69  74 73 71 68 69 69 69 69  78 77 76 74 72 70 68 69  76 77 76 73 71 71 71 69  77 77 75 74 71 72 72 70  76 76 76 74 72 72 75 75  72 72 71 70 70 73 77 95"
"2026-09-28T13:42:06.743035338Z"," 69 68 68 68 68 68 68 69  77 68 69 68 68 68 68 69  75 71 68 68 68 69 69 69  77 75 73 71 71 69 70 70  75 76 76 73 72 71 70 69  73 76 75 77 74 72 72 71  72 72 72 73 73 72 75 75  70 69 68 69 70 72 78 95"
"2026-09-28T13:42:15.46450101Z"," 68 68 68 68 67 67 68 69  77 69 68 68 68 67 68 69  73 72 69 68 68 69 69 69  78 78 74 72 71 69 68 68  75 77 76 74 70 70 70 69  76 77 76 74 72 71 71 70  75 77 73 73 71 72 75 74  72 72 70 72 70 73 78 94"
"2026-09-28T13:42:27.719939618Z"," 68 68 67 67 67 68 68 68  77 69 68 68 68 68 68 68  74 73 69 68 68 68 69 69  77 77 75 71 70 69 68 69  74 77 74 72 70 71 70 69  75 77 74 72 71 71 71 70  74 76 73 72 71 73 75 75  72 71 72 72 69 73 79 95"
"2026-09-28T13:42:35.505387301Z"," 68 68 67 68 67 67 68 69  77 69 68 68 68 68 69 68  74 72 70 69 69 70 70 69  78 78 76 74 72 70 69 70  75 77 76 75 72 71 71 69  76 78 77 74 73 72 72 71  75 77 74 73 72 73 74 75  72 71 71 72 71 73 78 95"
"2026-09-28T13:42:45.46475539Z"," 68 68 68 67 68 68 67 68  77 69 68 69 68 68 68 69  74 74 71 68 69 68 70 69  79 78 76 74 71 69 69 69  75 77 76 74 71 71 71 69  76 77 75 73 71 71 71 70  75 76 72 72 72 72 75 75  71 72 71 72 70 74 78 95"
"2026-09-28T13:42:57.703939895Z"," 68 69 68 68 68 68 67 68  78 69 68 69 68 68 69 69  74 74 70 68 69 68 69 69  78 77 73 72 71 69 69 69  76 77 77 75 72 71 70 69  77 77 75 73 72 71 72 71  75 76 72 72 71 72 75 74  71 72 71 72 71 72 78 95"
"2026-09-28T13:43:05.503693043Z"," 68 68 67 68 68 67 68 69  77 68 68 68 68 68 68 68  74 70 68 67 68 69 69 69  74 77 72 71 71 69 69 69  75 76 75 73 72 69 71 70  76 76 74 73 71 72 71 70  75 75 72 71 72 72 74 75  70 70 71 72 71 72 77 94"
"2026-09-28T13:43:17.761320858Z"," 70 68 67 68 68 68 68 68  77 69 69 69 68 68 68 69  75 73 69 69 69 69 68 70  79 77 75 72 72 69 69 70  76 78 78 74 71 72 71 70  76 77 76 72 72 72 72 70  75 77 72 73 72 72 75 75  72 72 71 73 71 73 78 95"
"2026-09-28T13:43:25.46155523Z"," 68 68 68 67 67 68 68 69  77 68 68 68 67 68 68 69  72 70 69 68 69 68 68 69  77 77 75 72 71 69 69 70  75 77 75 74 72 71 71 69  75 77 74 72 72 72 72 70  74 73 72 72 71 72 75 74  71 69 68 70 70 72 78 95"
"2026-09-28T13:43:35.505874903Z"," 68 68 68 68 68 68 68 69  77 69 68 69 68 68 68 69  75 74 71 68 68 69 68 69  79 78 76 75 72 70 69 69  76 77 76 75 72 71 70 69  76 77 74 73 72 71 72 70  75 76 72 72 72 72 75 74  72 72 72 74 70 74 77 94"
"2026-09-28T13:43:45.464489773Z"," 67 67 67 66 67 67 67 67  75 68 67 67 67 67 67 68  68 67 67 66 67 68 68 68  70 68 68 68 68 68 68 69  72 72 71 72 70 71 69 68  72 69 69 73 72 70 71 70  67 66 66 70 71 71 73 73  66 67 66 68 69 72 76 94"
"2026-09-28T13:43:57.775238336Z"," 69 68 68 68 67 68 68 69  77 71 73 68 68 67 68 69  75 72 69 68 69 68 69 69  77 75 73 70 71 69 69 69  75 76 76 72 71 71 70 70  75 76 76 69 71 71 72 70  74 76 75 72 71 72 74 74  72 72 70 70 69 73 77 95"
"2026-09-28T13:44:05.511081338Z"," 68 69 68 67 68 67 68 69  77 69 68 68 67 68 68 70  74 73 69 68 68 69 68 69  78 76 73 72 71 70 69 69  75 75 74 72 71 71 71 70  76 76 72 70 70 72 72 72  75 76 75 74 71 72 75 76  70 71 69 71 70 73 77 95"
"2026-09-28T13:44:15.500117811Z"," 69 69 68 67 68 68 68 69  77 70 68 68 68 68 68 69  75 74 69 69 69 69 69 69  78 77 75 72 72 69 68 70  75 77 76 73 71 71 71 70  77 76 76 70 71 72 72 72  73 77 75 76 71 73 75 76  71 70 70 70 69 73 77 95"
"2026-09-28T13:44:27.757379429Z"," 69 68 67 67 67 67 68 69  77 69 69 68 68 68 68 69  75 74 70 68 68 68 70 69  77 77 74 71 71 70 69 69  76 76 77 72 71 71 71 70  76 77 76 70 71 72 72 72  76 77 75 75 72 72 75 75  70 70 70 70 70 73 78 94"
"2026-09-28T13:44:35.498590128Z"," 68 68 68 67 68 68 68 68  77 69 68 69 68 68 69 69  76 75 71 69 69 69 69 69  77 78 77 72 71 70 68 70  75 76 76 73 71 71 71 69  75 76 75 70 70 72 72 71  76 76 75 74 71 72 75 75  71 71 70 71 70 72 77 94"
"2026-09-28T13:44:45.463021617Z"," 68 68 68 67 68 67 68 69  77 69 68 68 68 68 69 69  77 75 72 68 69 68 69 68  78 78 77 72 71 70 69 70  75 77 76 71 70 71 70 70  76 77 76 69 70 71 72 71  75 76 74 74 72 72 74 75  70 71 71 70 69 72 77 94"
"2026-09-28T13:44:57.741050301Z"," 69 68 67 67 68 68 67 69  77 69 69 68 68 68 68 69  76 74 71 68 68 69 69 70  78 78 76 73 71 70 69 69  75 76 76 73 71 71 71 70  76 76 76 70 70 71 72 71  75 77 75 75 72 72 75 76  71 71 69 70 71 73 79 93"
"2026-09-28T13:45:05.498080878Z"," 70 68 67 67 67 68 68 68  77 69 68 68 67 68 68 68  75 74 71 68 68 68 68 68  77 78 75 71 70 70 68 69  75 76 76 72 70 70 70 70  75 77 75 69 70 71 71 72  74 75 74 74 71 72 74 75  69 70 68 69 69 72 77 92"
"2026-09-28T13:45:17.797577672Z"," 69 68 68 67 68 68 68 69  77 69 69 69 68 68 69 70  76 74 72 70 69 68 70 69  77 77 74 72 71 70 69 70  75 76 76 72 71 71 71 71  76 76 76 69 71 71 72 71  75 76 74 74 72 72 74 76  72 71 70 70 71 73 78 94"
"2026-09-28T13:45:25.459922998Z"," 68 68 68 68 68 68 68 69  77 68 68 68 68 67 68 68  74 74 71 69 69 68 69 68  77 78 75 72 71 69 68 68  75 76 76 73 71 71 71 70  76 77 76 69 71 72 71 71  74 76 75 73 72 72 75 75  71 70 70 70 70 73 77 93"
"2026-09-28T13:45:35.496931084Z"," 68 68 67 68 67 68 68 69  77 68 68 68 68 68 68 68  71 70 68 68 68 68 69 69  76 77 74 71 71 70 69 70  75 76 74 72 71 71 71 70  76 77 76 72 70 71 72 72  74 76 76 76 72 72 75 75  70 71 71 70 71 73 78 94"
"2026-09-28T13:45:45.472138364Z"," 68 68 68 68 68 68 68 69  77 69 68 68 68 68 68 69  75 74 71 68 69 69 69 69  78 78 77 73 71 69 69 70  75 77 76 72 71 71 70 70  75 77 75 69 71 70 71 72  75 76 75 75 71 72 74 76  71 71 70 70 70 73 77 93"
"2026-09-28T13:45:57.91279436Z"," 68 68 68 68 68 68 68 70  77 68 68 69 68 68 69 70  76 74 70 68 68 69 69 68  78 78 77 71 71 69 69 69  75 77 76 72 71 71 71 71  76 76 76 69 70 71 72 72  74 77 74 75 71 72 74 74  71 71 70 70 70 72 77 94"
"2026-09-28T13:46:05.496374297Z"," 68 68 68 68 68 67 68 69  76 68 68 68 68 68 68 68  75 73 69 68 69 68 69 69  78 78 74 71 71 70 69 69  74 77 75 70 70 71 71 71  76 76 75 69 70 71 71 71  74 76 75 75 72 72 73 74  71 71 71 70 70 72 77 93"
"2026-09-28T13:46:15.454028981Z"," 69 68 68 67 67 67 68 69  77 69 68 69 68 68 68 69  75 73 69 69 69 69 69 69  78 77 74 70 71 70 69 69  75 77 74 72 72 71 71 69  76 77 75 69 70 71 72 72  74 76 75 75 72 72 75 74  71 71 70 71 71 73 78 93"
"2026-09-28T13:46:25.450250612Z"," 68 67 67 66 67 67 68 68  75 68 68 68 67 68 68 69  68 67 67 67 68 68 68 68  67 67 68 69 70 69 69 69  66 66 67 69 70 71 71 71  67 67 67 68 70 72 71 72  66 66 66 71 71 72 75 75  68 69 70 71 71 74 77 93"
"2026-09-28T13:46:35.54589157Z"," 68 67 67 67 67 67 68 70  75 68 67 68 68 68 68 68  68 66 68 68 68 68 69 69  67 68 68 69 69 69 68 69  66 68 68 70 70 69 71 69  73 71 70 68 70 71 70 70  72 70 68 70 70 72 73 75  68 68 68 68 70 72 77 93"
"2026-09-28T13:46:45.455278929Z"," 68 66 67 66 67 68 67 68  76 67 67 67 66 68 67 68  72 72 68 67 68 68 68 68  77 77 74 71 70 69 68 68  74 75 75 72 70 70 70 69  75 76 75 68 70 70 71 71  74 75 74 73 70 71 73 75  71 70 69 69 69 72 77 92"
"2026-09-28T13:46:55.45294121Z"," 68 68 68 68 67 68 68 69  76 69 68 68 68 67 68 68  74 73 70 68 68 69 70 69  77 78 76 72 70 69 68 70  75 76 76 72 70 71 71 70  76 76 76 69 69 72 72 72  75 76 75 73 72 72 74 76  70 71 69 71 69 73 78 93"
"2026-09-28T13:47:06.805582702Z"," 69 67 68 67 67 68 68 68  77 69 68 68 68 68 68 69  72 71 69 68 68 69 69 68  77 77 76 72 70 69 69 69  76 76 76 72 71 71 70 69  76 77 74 69 70 72 72 72  75 76 75 72 72 71 75 75  71 72 70 69 69 73 77 94"
"2026-09-28T13:47:15.455066259Z"," 68 68 67 67 67 67 68 68  76 69 69 68 68 67 68 68  75 75 71 71 69 68 69 69  77 76 74 73 71 69 69 69  74 76 75 72 71 70 71 70  75 76 75 69 70 71 72 71  74 76 76 74 71 71 74 75  71 70 68 69 69 73 77 93"
"2026-09-28T13:47:25.453059258Z"," 68 68 67 67 66 67 68 68  76 69 68 67 67 68 68 68  74 72 70 68 68 68 69 69  78 77 75 71 71 69 68 69  74 76 75 72 70 71 70 70  75 76 76 69 71 71 72 71  76 75 71 71 70 72 73 74  71 71 71 72 70 72 77 92"
"2026-09-28T13:47:35.490431859Z"," 67 67 67 66 66 66 67 67  75 68 67 67 67 66 68 68  72 72 69 67 68 67 68 68  77 77 74 71 70 68 68 68  74 76 75 72 71 70 70 69  75 75 75 69 70 70 71 71  75 75 71 71 70 72 73 74  70 71 70 73 69 72 76 93"
"2026-09-28T13:47:45.450516844Z"," 68 67 67 68 67 66 67 68  76 69 68 68 68 68 68 68  74 74 73 69 68 68 68 69  77 75 74 71 70 69 68 68  74 76 75 72 70 71 70 70  75 76 75 69 70 70 71 71  75 75 72 72 71 72 75 75  72 73 72 73 70 72 77 92"
"2026-09-28T13:47:55.449930439Z"," 68 67 67 68 66 68 68 69  76 68 68 68 67 67 68 68  74 72 70 67 68 68 70 68  77 77 75 73 70 70 69 70  75 76 75 72 70 71 70 70  76 76 75 69 70 71 72 72  75 75 74 74 71 71 74 75  72 72 70 71 70 73 77 92"
"2026-09-28T13:48:05.512721596Z"," 68 68 67 68 68 67 69 70  77 69 69 69 68 69 68 69  74 72 69 69 69 69 69 70  79 77 76 72 72 70 69 69  75 77 77 73 72 72 72 71  77 76 76 70 71 72 72 72  76 77 77 75 72 72 74 76  72 72 72 72 71 73 78 94"
"2026-09-28T13:48:17.802422265Z"," 69 68 68 67 67 68 68 68  77 68 68 68 68 68 68 69  73 72 69 67 68 68 69 69  79 76 73 71 70 70 68 69  75 76 76 72 71 71 71 70  75 76 75 70 70 71 71 72  75 77 76 75 71 72 74 76  72 72 71 72 71 73 77 93"
"2026-09-28T13:48:25.477507479Z"," 68 68 68 67 67 68 68 68  76 69 68 68 68 68 68 69  72 71 69 68 68 68 69 69  78 77 75 72 71 69 69 70  75 76 75 72 71 71 71 70  76 76 76 70 70 71 72 72  76 76 75 75 72 72 74 74  72 72 71 72 71 73 77 92"
"2026-09-28T13:48:35.490918228Z"," 69 68 68 68 68 68 69 70  77 69 68 68 68 69 69 69  75 73 70 68 69 69 69 70  78 77 76 72 71 69 70 70  74 76 76 74 70 71 72 72  75 77 76 70 71 71 72 72  75 76 75 75 72 72 74 76  72 72 71 71 71 73 77 92"
"2026-09-28T13:48:45.44916311Z"," 68 68 67 66 67 67 68 68  76 68 68 68 68 67 68 68  73 72 70 69 68 68 68 68  78 77 76 73 71 70 68 68  75 76 76 73 70 71 70 70  75 77 76 69 70 72 72 71  74 77 75 74 71 72 74 74  71 71 70 71 71 73 77 92"
"2026-09-28T13:48:55.448255183Z"," 68 68 67 67 67 68 68 69  76 68 68 68 68 68 68 69  73 71 69 68 69 69 68 68  78 77 73 71 70 69 68 69  74 77 76 75 71 71 72 71  76 76 76 72 71 72 72 72  74 76 75 75 72 72 74 74  71 72 70 71 71 73 77 93"
"2026-09-28T13:49:05.797363261Z"," 68 68 67 67 67 67 68 70  76 69 67 68 68 68 68 68  74 72 69 68 68 69 69 69  78 77 73 71 71 70 69 70  75 77 76 73 72 71 71 69  76 76 74 70 71 72 71 71  74 76 75 74 72 72 74 75  71 72 71 71 71 73 77 93"
"2026-09-28T13:49:17.874463449Z"," 68 68 67 66 67 67 67 68  77 68 68 68 68 66 68 68  74 74 72 68 69 68 69 69  79 77 76 75 72 70 68 69  75 77 76 72 71 70 71 70  76 76 75 70 71 72 71 72  73 76 74 74 72 72 74 74  71 72 71 71 70 72 77 92"
"2026-09-28T13:49:25.45251184Z"," 69 68 68 68 68 68 68 70  77 69 69 69 68 68 69 70  75 76 73 72 69 69 69 69  79 78 76 76 72 70 70 70  75 77 77 73 72 72 71 71  76 77 77 71 72 72 72 73  75 77 76 76 73 73 74 76  72 72 71 72 71 74 77 93"
"2026-09-28T13:49:35.486800307Z"," 68 66 67 67 67 68 68 68  76 68 68 68 68 68 68 68  69 68 68 68 68 68 68 69  75 75 73 70 70 68 69 69  77 76 74 73 71 71 71 70  75 77 75 70 71 72 71 72  75 75 77 75 72 72 74 75  75 76 74 72 71 73 77 91"
"2026-09-28T13:49:47.855970128Z"," 68 68 67 67 67 67 68 67  76 68 67 67 68 67 68 68  72 71 69 68 68 68 68 68  77 77 75 73 70 69 68 69  74 77 75 72 70 70 69 70  75 76 75 69 71 71 71 71  75 76 75 74 72 71 74 75  72 72 71 71 70 72 77 92"
"2026-09-28T13:49:56.861725821Z"," 68 68 68 68 67 67 68 69  76 70 68 68 68 67 68 68  75 74 70 68 69 68 69 68  78 78 76 72 70 69 69 70  75 77 76 72 71 70 71 70  75 76 75 69 70 71 70 71  75 73 69 72 72 71 74 75  71 72 72 74 70 72 77 91"
"2026-09-28T13:50:05.48592793Z"," 69 69 69 71 68 68 68 68  76 74 73 68 68 68 68 68  77 72 68 68 68 68 69 68  77 77 73 71 71 69 68 69  74 75 75 72 70 70 71 70  75 76 75 69 70 72 71 72  75 74 70 72 71 71 73 74  72 73 73 73 69 73 77 92"
"2026-09-28T13:50:15.447237317Z"," 68 68 67 66 66 67 67 68  76 68 68 68 67 67 68 68  72 71 69 67 68 68 68 69  78 77 75 71 70 69 69 69  74 76 75 73 70 71 71 70  74 75 75 69 71 71 71 71  73 74 73 72 71 72 73 75  73 74 73 73 71 72 77 92"
"2026-09-28T13:50:25.44848563Z"," 69 68 68 67 67 68 68 69  76 69 68 68 68 68 68 68  75 74 70 68 69 69 69 69  78 78 76 73 71 70 69 70  75 76 76 73 71 71 71 71  76 76 75 70 71 72 72 72  75 74 71 72 71 73 74 74  72 73 73 74 70 73 77 92"
"2026-09-28T13:50:35.484171734Z"," 68 68 68 68 68 68 69 69  75 68 68 68 68 68 68 69  74 74 71 68 69 68 70 69  78 78 76 72 72 69 69 69  75 76 77 74 71 71 71 71  76 76 76 70 71 71 72 72  74 74 71 71 72 73 74 75  72 74 73 75 70 73 77 93"
"2026-09-28T13:50:46.799697049Z"," 68 68 67 67 67 67 68 68  77 68 68 68 67 67 68 68  73 73 69 68 68 68 69 69  77 77 75 72 71 68 68 69  75 75 76 72 70 71 70 70  75 75 75 70 70 71 71 71  75 75 71 71 71 72 74 75  70 70 71 74 69 73 77 92"
"2026-09-28T13:50:55.445685464Z"," 68 68 66 66 67 68 68 67  76 68 68 68 67 68 68 68  74 73 70 68 69 68 69 69  78 77 75 71 71 69 68 70  75 77 75 73 71 70 70 70  75 76 75 69 70 71 70 71  75 75 72 70 70 72 73 75  70 71 71 73 70 72 76 91"
"2026-09-28T13:51:05.478625468Z"," 68 68 67 67 67 68 67 68  75 68 68 68 67 68 68 69  72 72 69 68 69 68 68 68  78 77 74 72 70 69 68 70  74 77 75 73 71 71 70 70  74 76 75 69 71 71 71 71  74 75 71 72 72 72 74 76  71 71 71 72 70 73 77 90"
"2026-09-28T13:51:15.446569445Z"," 68 69 67 68 66 67 69 69  77 70 68 68 68 68 68 69  73 73 70 68 69 68 69 69  79 78 76 72 71 70 69 70  75 77 76 73 71 71 71 70  76 77 76 70 72 72 72 72  75 76 74 72 71 72 75 76  69 69 68 70 69 73 77 92"
"2026-09-28T13:51:26.812884907Z"," 68 67 68 67 68 67 68 68  76 69 68 68 68 68 68 69  74 73 71 68 69 69 69 68  79 77 75 73 71 70 68 69  74 77 74 71 69 71 70 71  74 76 75 69 71 71 71 72  74 74 74 71 71 72 75 75  69 69 68 68 70 72 78 91"
"2026-09-28T13:51:35.831133589Z"," 68 68 67 66 66 67 68 68  75 68 67 68 67 67 67 68  71 70 68 67 68 68 68 68  77 76 74 72 69 69 68 69  74 76 74 72 70 70 70 70  77 76 74 69 70 71 71 71  74 74 73 71 70 72 73 75  69 69 68 70 68 72 75 90"
"2026-09-28T13:51:45.439983294Z"," 66 66 66 66 66 66 67 67  74 67 68 66 67 66 67 68  72 70 68 67 67 67 68 68  77 76 73 69 69 68 68 68  74 77 74 72 70 70 70 70  75 75 74 69 70 70 71 71  74 75 72 71 70 72 73 74  70 71 70 73 70 72 77 90"
"2026-09-28T13:51:55.455208959Z"," 67 67 66 66 67 67 67 67  74 68 68 67 66 67 67 68  71 69 66 66 67 67 68 68  75 75 71 68 68 68 68 68  72 75 73 71 69 69 70 69  74 75 75 71 70 70 70 70  73 75 72 71 70 71 73 74  70 70 71 73 69 72 76 91"
"2026-09-28T13:52:05.478749096Z"," 68 67 66 66 66 67 68 68  75 69 68 68 67 67 68 68  74 73 69 67 68 68 68 68  78 76 75 71 70 68 68 68  75 75 75 72 70 70 70 69  74 75 74 69 69 70 70 70  74 74 71 70 69 71 73 73  70 71 70 73 69 72 76 90"
"2026-09-28T13:52:16.855064471Z"," 67 68 67 66 68 67 68 68  75 68 68 68 68 68 68 68  71 69 68 68 69 68 68 70  77 77 74 72 70 70 69 69  75 77 75 72 71 71 70 70  76 75 75 70 70 71 71 71  74 75 72 72 71 72 74 74  73 74 73 73 70 72 77 91"
"2026-09-28T13:52:25.870655723Z"," 68 68 68 67 66 66 67 67  75 68 68 68 68 67 68 68  74 72 69 68 69 68 68 69  78 77 73 71 70 69 69 69  74 75 75 72 71 71 71 70  75 76 74 71 71 71 72 71  75 75 72 71 71 71 74 76  70 71 72 73 69 73 77 91"
"2026-09-28T13:52:35.553018001Z"," 69 69 68 67 67 68 68 68  76 69 68 68 67 68 68 68  75 74 71 68 69 69 68 69  78 77 75 74 72 70 69 69  75 76 76 74 72 71 72 70  76 76 76 70 71 72 72 72  74 74 71 71 71 72 74 76  72 72 72 73 70 74 76 91"
"2026-09-28T13:52:45.455232297Z"," 67 68 67 67 66 67 68 68  75 68 68 68 68 68 67 68  74 71 68 68 69 69 69 69  78 74 71 71 70 70 69 69  74 75 75 72 70 70 70 70  75 75 76 70 70 71 71 72  74 74 72 72 71 72 74 75  72 72 71 73 69 73 77 91"
"2026-09-28T13:52:55.443564339Z"," 67 67 66 67 67 66 68 68  73 67 68 67 67 67 68 68  67 66 66 67 68 68 68 68  66 66 68 68 69 68 68 68  65 66 68 70 71 70 70 70  66 66 66 68 70 70 71 71  66 66 66 70 70 71 74 74  67 67 66 68 70 72 77 90"
"2026-09-28T13:53:05.482985934Z"," 67 67 67 66 67 67 68 68  74 67 67 68 67 67 68 68  67 66 67 67 68 68 68 69  66 68 68 68 69 69 68 68  65 67 67 70 70 71 70 70  65 67 66 68 69 71 72 72  65 65 66 69 70 72 74 74  67 67 67 69 69 72 77 90"
"2026-09-28T13:53:15.483260469Z"," 67 67 65 65 67 65 66 66  75 68 66 66 66 66 66 67  74 72 68 67 67 67 68 68  75 75 73 70 69 68 67 69  73 74 74 71 68 70 70 69  74 74 72 68 69 69 70 71  73 73 72 70 69 70 72 73  68 68 68 69 68 71 75 90"
"2026-09-28T13:53:26.84844167Z"," -- -- -- -- -- -- -- --"
"2026-09-28T13:53:36.150537662Z"," 67 68 67 67 67 67 68 68  75 68 68 68 68 68 68 68  72 70 68 68 68 68 68 68  78 77 73 70 70 70 69 70  74 76 74 72 71 71 70 69  76 76 75 70 71 72 72 71  76 76 75 75 72 72 74 75  71 72 69 71 70 72 77 90"
"2026-09-28T13:53:47.93145075Z"," -- -- -- -- -- -- -- --"
"2026-09-28T13:53:56.324534838Z"," 67 67 65 66 66 66 67 67  74 67 66 67 66 67 66 67  74 71 68 67 68 67 68 67  77 75 71 69 70 68 68 68  73 74 73 71 69 70 69 69  74 74 74 69 68 70 69 70  73 74 74 72 70 71 72 73  71 70 69 70 69 72 76 89"
"2026-09-28T13:54:08.906818665Z"," 68 67 67 67 66 67 67 68  75 68 68 68 67 68 68 68  72 71 69 68 68 68 68 68  77 77 75 71 70 69 68 69  74 76 75 73 70 71 70 70  76 76 75 70 70 71 71 71  74 76 74 74 71 72 74 75  72 70 71 70 70 73 77 90"
"2026-09-28T13:54:17.913136307Z"," 68 68 67 67 68 68 68 69  75 69 69 68 68 68 68 69  73 72 70 68 69 69 69 69  78 77 76 73 71 70 69 69  75 76 76 72 71 71 71 70  76 77 75 70 71 71 72 72  75 76 75 75 72 72 75 76  71 71 70 71 70 73 77 92"
"2026-09-28T13:54:26.925880909Z"," 68 68 68 68 68 68 68 69  77 69 69 69 68 68 68 69  74 73 71 69 70 69 69 70  77 78 76 72 72 70 69 70  76 77 76 73 71 71 72 71  76 77 76 71 71 72 72 73  76 77 75 76 72 73 74 77  71 72 70 71 71 74 77 92"
"2026-09-28T13:54:36.372397412Z"," 68 68 67 66 68 68 68 69  76 69 68 68 68 68 68 68  75 74 71 69 69 69 69 69  78 77 76 71 71 70 69 70  76 76 76 72 71 71 71 70  77 76 76 71 71 72 72 72  74 75 74 74 72 72 73 76  71 72 70 70 70 73 77 90"
"2026-09-28T13:54:46.371487859Z"," 68 68 67 67 67 67 68 68  76 68 68 68 68 67 68 68  72 71 69 68 68 68 68 69  77 77 76 72 71 69 68 69  75 76 75 73 70 71 70 69  75 76 76 70 71 71 71 72  75 76 75 74 71 72 73 75  71 70 70 70 71 72 77 90"
"2026-09-28T13:54:57.926357087Z"," 68 68 68 68 68 68 68 69  76 69 69 69 68 68 68 69  73 72 70 69 69 69 70 70  78 78 76 73 72 70 69 70  75 76 76 73 71 71 71 72  76 77 76 71 71 72 72 72  75 76 75 76 72 73 74 76  72 72 71 70 70 73 77 91"
"2026-09-28T13:55:08.874511825Z"," 68 68 67 67 67 68 68 69  76 69 68 68 69 69 69 69  73 73 70 68 70 69 70 70  78 78 76 73 71 71 70 70  75 76 77 75 71 72 72 71  76 76 77 72 71 72 72 72  76 76 76 76 73 72 75 76  72 72 70 72 70 73 77 91"
"2026-09-28T13:55:16.353195317Z"," 69 69 68 68 68 68 69 69  76 69 68 69 69 68 69 70  74 74 72 70 69 69 70 70  78 78 76 76 73 71 69 71  75 77 76 73 72 72 72 72  76 77 76 72 72 71 72 72  76 76 75 74 72 73 75 75  71 70 69 70 71 74 77 90"
"2026-09-28T13:55:26.558893342Z"," 68 67 67 67 67 67 68 68  75 68 68 67 67 67 68 68  71 68 68 67 68 69 69 68  75 73 71 69 70 69 68 69  73 75 73 71 71 71 71 70  75 76 75 70 70 70 71 72  73 72 70 72 71 71 73 74  71 69 68 69 69 72 76 90"
"2026-09-28T13:55:38.961104243Z"," 68 68 68 67 68 68 68 70  76 69 68 69 68 68 68 70  74 73 70 69 69 70 69 69  79 77 76 74 71 70 69 70  76 77 75 73 71 72 72 71  77 77 77 72 71 72 72 72  76 76 75 76 71 72 74 76  71 72 71 71 71 73 77 90"
"2026-09-28T13:55:46.559256011Z"," 68 68 67 67 68 67 68 69  75 68 68 68 68 68 68 69  72 72 70 68 68 68 68 69  78 77 76 72 71 69 69 70  75 77 76 74 71 71 71 71  76 76 75 71 71 71 71 72  74 76 74 75 72 72 73 75  71 71 70 70 70 72 77 90"
"2026-09-28T13:55:56.562730381Z"," 68 67 68 67 67 66 67 69  75 68 68 68 67 67 68 68  72 72 69 68 69 68 70 69  77 77 75 73 71 68 68 69  74 77 75 72 70 71 70 70  76 75 75 70 71 70 70 72  74 75 74 75 71 71 74 75  70 71 69 70 68 72 76 90"
"2026-09-28T13:56:08.944812081Z"," 68 67 66 66 67 67 69 68  74 67 67 67 68 67 68 68  67 67 67 67 67 68 69 68  68 68 68 68 70 68 69 69  72 69 68 70 71 70 71 70  75 73 70 72 70 71 71 72  77 72 70 72 71 71 73 74  71 69 68 69 69 72 76 89"
"2026-09-28T13:56:17.949920799Z"," 68 67 67 66 66 67 67 69  74 68 67 68 67 68 68 69  73 71 68 68 68 68 68 68  77 77 73 71 70 69 69 69  75 76 76 73 70 70 70 70  75 76 75 73 72 71 70 71  75 74 73 72 71 72 73 74  71 70 68 69 69 72 76 90"
"2026-09-28T13:56:26.606157474Z"," -- -- -- -- -- -- -- --"
"2026-09-28T13:56:57.168632274Z"," 69 68 68 68 67 68 68 68  76 72 72 71 69 68 68 69  75 75 74 74 71 69 70 70  75 75 74 71 71 70 69 69  75 76 75 73 72 70 70 69  76 76 76 73 72 70 71 71  75 73 72 73 74 72 73 74  76 76 72 73 72 74 75 89"
"2026-09-28T13:57:07.195086529Z"," -- -- -- -- -- -- -- --"
